Statistic,Quarter,Sub.Head,value
"Current, Capital and Financial Account Balances BPM6",2002Q1,Current account,-147
"Current, Capital and Financial Account Balances BPM6",2002Q1,Capital account,5
"Current, Capital and Financial Account Balances BPM6",2002Q1,Merchandise,9581
"Current, Capital and Financial Account Balances BPM6",2002Q1,Services,-3828
"Current, Capital and Financial Account Balances BPM6",2002Q1,Primary income,-5592
"Current, Capital and Financial Account Balances BPM6",2002Q1,Invisibles,-9728
"Current, Capital and Financial Account Balances BPM6",2002Q1,Secondary income,-308
"Current, Capital and Financial Account Balances BPM6",2002Q1,Financial account,-2200
"Current, Capital and Financial Account Balances BPM6",2002Q1,Net Errors and omissions,-2058
"Current, Capital and Financial Account Balances BPM6",2002Q1,Direct investment,-6205
"Current, Capital and Financial Account Balances BPM6",2002Q1,Portfolio investment,13891
"Current, Capital and Financial Account Balances BPM6",2002Q1,Other investment,-9621
"Current, Capital and Financial Account Balances BPM6",2002Q2,Current account,-749
"Current, Capital and Financial Account Balances BPM6",2002Q2,Capital account,21
"Current, Capital and Financial Account Balances BPM6",2002Q2,Merchandise,9087
"Current, Capital and Financial Account Balances BPM6",2002Q2,Services,-3651
"Current, Capital and Financial Account Balances BPM6",2002Q2,Primary income,-5871
"Current, Capital and Financial Account Balances BPM6",2002Q2,Invisibles,-9836
"Current, Capital and Financial Account Balances BPM6",2002Q2,Secondary income,-314
"Current, Capital and Financial Account Balances BPM6",2002Q2,Financial account,-123
"Current, Capital and Financial Account Balances BPM6",2002Q2,Net Errors and omissions,605
"Current, Capital and Financial Account Balances BPM6",2002Q2,Direct investment,-1379
"Current, Capital and Financial Account Balances BPM6",2002Q2,Portfolio investment,-940
"Current, Capital and Financial Account Balances BPM6",2002Q2,Other investment,2432
"Current, Capital and Financial Account Balances BPM6",2002Q3,Current account,474
"Current, Capital and Financial Account Balances BPM6",2002Q3,Capital account,28
"Current, Capital and Financial Account Balances BPM6",2002Q3,Merchandise,9540
"Current, Capital and Financial Account Balances BPM6",2002Q3,Services,-3441
"Current, Capital and Financial Account Balances BPM6",2002Q3,Primary income,-5328
"Current, Capital and Financial Account Balances BPM6",2002Q3,Invisibles,-9066
"Current, Capital and Financial Account Balances BPM6",2002Q3,Secondary income,-297
"Current, Capital and Financial Account Balances BPM6",2002Q3,Financial account,-1672
"Current, Capital and Financial Account Balances BPM6",2002Q3,Net Errors and omissions,-2174
"Current, Capital and Financial Account Balances BPM6",2002Q3,Direct investment,-8473
"Current, Capital and Financial Account Balances BPM6",2002Q3,Portfolio investment,11495
"Current, Capital and Financial Account Balances BPM6",2002Q3,Other investment,-4824
"Current, Capital and Financial Account Balances BPM6",2002Q4,Current account,758
"Current, Capital and Financial Account Balances BPM6",2002Q4,Capital account,534
"Current, Capital and Financial Account Balances BPM6",2002Q4,Merchandise,8775
"Current, Capital and Financial Account Balances BPM6",2002Q4,Services,-2699
"Current, Capital and Financial Account Balances BPM6",2002Q4,Primary income,-5118
"Current, Capital and Financial Account Balances BPM6",2002Q4,Invisibles,-8017
"Current, Capital and Financial Account Balances BPM6",2002Q4,Secondary income,-200
"Current, Capital and Financial Account Balances BPM6",2002Q4,Financial account,2763
"Current, Capital and Financial Account Balances BPM6",2002Q4,Net Errors and omissions,1471
"Current, Capital and Financial Account Balances BPM6",2002Q4,Direct investment,-3387
"Current, Capital and Financial Account Balances BPM6",2002Q4,Portfolio investment,13534
"Current, Capital and Financial Account Balances BPM6",2002Q4,Other investment,-7411
"Current, Capital and Financial Account Balances BPM6",2003Q1,Current account,-568
"Current, Capital and Financial Account Balances BPM6",2003Q1,Capital account,19
"Current, Capital and Financial Account Balances BPM6",2003Q1,Merchandise,7641
"Current, Capital and Financial Account Balances BPM6",2003Q1,Services,-2362
"Current, Capital and Financial Account Balances BPM6",2003Q1,Primary income,-5482
"Current, Capital and Financial Account Balances BPM6",2003Q1,Invisibles,-8210
"Current, Capital and Financial Account Balances BPM6",2003Q1,Secondary income,-366
"Current, Capital and Financial Account Balances BPM6",2003Q1,Financial account,-761
"Current, Capital and Financial Account Balances BPM6",2003Q1,Net Errors and omissions,-212
"Current, Capital and Financial Account Balances BPM6",2003Q1,Direct investment,-4065
"Current, Capital and Financial Account Balances BPM6",2003Q1,Portfolio investment,8773
"Current, Capital and Financial Account Balances BPM6",2003Q1,Other investment,-3651
"Current, Capital and Financial Account Balances BPM6",2003Q2,Current account,520
"Current, Capital and Financial Account Balances BPM6",2003Q2,Capital account,-19
"Current, Capital and Financial Account Balances BPM6",2003Q2,Merchandise,8687
"Current, Capital and Financial Account Balances BPM6",2003Q2,Services,-2629
"Current, Capital and Financial Account Balances BPM6",2003Q2,Primary income,-5160
"Current, Capital and Financial Account Balances BPM6",2003Q2,Invisibles,-8167
"Current, Capital and Financial Account Balances BPM6",2003Q2,Secondary income,-378
"Current, Capital and Financial Account Balances BPM6",2003Q2,Financial account,901
"Current, Capital and Financial Account Balances BPM6",2003Q2,Net Errors and omissions,400
"Current, Capital and Financial Account Balances BPM6",2003Q2,Direct investment,-11407
"Current, Capital and Financial Account Balances BPM6",2003Q2,Portfolio investment,10431
"Current, Capital and Financial Account Balances BPM6",2003Q2,Other investment,1834
"Current, Capital and Financial Account Balances BPM6",2003Q3,Current account,261
"Current, Capital and Financial Account Balances BPM6",2003Q3,Capital account,20
"Current, Capital and Financial Account Balances BPM6",2003Q3,Merchandise,8527
"Current, Capital and Financial Account Balances BPM6",2003Q3,Services,-3161
"Current, Capital and Financial Account Balances BPM6",2003Q3,Primary income,-4740
"Current, Capital and Financial Account Balances BPM6",2003Q3,Invisibles,-8266
"Current, Capital and Financial Account Balances BPM6",2003Q3,Secondary income,-365
"Current, Capital and Financial Account Balances BPM6",2003Q3,Financial account,422
"Current, Capital and Financial Account Balances BPM6",2003Q3,Net Errors and omissions,141
"Current, Capital and Financial Account Balances BPM6",2003Q3,Direct investment,-3830
"Current, Capital and Financial Account Balances BPM6",2003Q3,Portfolio investment,23201
"Current, Capital and Financial Account Balances BPM6",2003Q3,Other investment,-19033
"Current, Capital and Financial Account Balances BPM6",2003Q4,Current account,501
"Current, Capital and Financial Account Balances BPM6",2003Q4,Capital account,425
"Current, Capital and Financial Account Balances BPM6",2003Q4,Merchandise,8099
"Current, Capital and Financial Account Balances BPM6",2003Q4,Services,-2751
"Current, Capital and Financial Account Balances BPM6",2003Q4,Primary income,-4654
"Current, Capital and Financial Account Balances BPM6",2003Q4,Invisibles,-7599
"Current, Capital and Financial Account Balances BPM6",2003Q4,Secondary income,-194
"Current, Capital and Financial Account Balances BPM6",2003Q4,Financial account,-375
"Current, Capital and Financial Account Balances BPM6",2003Q4,Net Errors and omissions,-1301
"Current, Capital and Financial Account Balances BPM6",2003Q4,Direct investment,4032
"Current, Capital and Financial Account Balances BPM6",2003Q4,Portfolio investment,-2428
"Current, Capital and Financial Account Balances BPM6",2003Q4,Other investment,-1900
"Current, Capital and Financial Account Balances BPM6",2004Q1,Current account,-231
"Current, Capital and Financial Account Balances BPM6",2004Q1,Capital account,-3
"Current, Capital and Financial Account Balances BPM6",2004Q1,Merchandise,8576
"Current, Capital and Financial Account Balances BPM6",2004Q1,Services,-3034
"Current, Capital and Financial Account Balances BPM6",2004Q1,Primary income,-5357
"Current, Capital and Financial Account Balances BPM6",2004Q1,Invisibles,-8807
"Current, Capital and Financial Account Balances BPM6",2004Q1,Secondary income,-416
"Current, Capital and Financial Account Balances BPM6",2004Q1,Financial account,1614
"Current, Capital and Financial Account Balances BPM6",2004Q1,Net Errors and omissions,1848
"Current, Capital and Financial Account Balances BPM6",2004Q1,Direct investment,8076
"Current, Capital and Financial Account Balances BPM6",2004Q1,Portfolio investment,-10665
"Current, Capital and Financial Account Balances BPM6",2004Q1,Other investment,5392
"Current, Capital and Financial Account Balances BPM6",2004Q2,Current account,200
"Current, Capital and Financial Account Balances BPM6",2004Q2,Capital account,-38
"Current, Capital and Financial Account Balances BPM6",2004Q2,Merchandise,9081
"Current, Capital and Financial Account Balances BPM6",2004Q2,Services,-2954
"Current, Capital and Financial Account Balances BPM6",2004Q2,Primary income,-5621
"Current, Capital and Financial Account Balances BPM6",2004Q2,Invisibles,-8880
"Current, Capital and Financial Account Balances BPM6",2004Q2,Secondary income,-306
"Current, Capital and Financial Account Balances BPM6",2004Q2,Financial account,-521
"Current, Capital and Financial Account Balances BPM6",2004Q2,Net Errors and omissions,-684
"Current, Capital and Financial Account Balances BPM6",2004Q2,Direct investment,4869
"Current, Capital and Financial Account Balances BPM6",2004Q2,Portfolio investment,-9346
"Current, Capital and Financial Account Balances BPM6",2004Q2,Other investment,4091
"Current, Capital and Financial Account Balances BPM6",2004Q3,Current account,-89
"Current, Capital and Financial Account Balances BPM6",2004Q3,Capital account,38
"Current, Capital and Financial Account Balances BPM6",2004Q3,Merchandise,8620
"Current, Capital and Financial Account Balances BPM6",2004Q3,Services,-3158
"Current, Capital and Financial Account Balances BPM6",2004Q3,Primary income,-5310
"Current, Capital and Financial Account Balances BPM6",2004Q3,Invisibles,-8708
"Current, Capital and Financial Account Balances BPM6",2004Q3,Secondary income,-240
"Current, Capital and Financial Account Balances BPM6",2004Q3,Financial account,-3041
"Current, Capital and Financial Account Balances BPM6",2004Q3,Net Errors and omissions,-2990
"Current, Capital and Financial Account Balances BPM6",2004Q3,Direct investment,-158
"Current, Capital and Financial Account Balances BPM6",2004Q3,Portfolio investment,4805
"Current, Capital and Financial Account Balances BPM6",2004Q3,Other investment,-7817
"Current, Capital and Financial Account Balances BPM6",2004Q4,Current account,-34
"Current, Capital and Financial Account Balances BPM6",2004Q4,Capital account,358
"Current, Capital and Financial Account Balances BPM6",2004Q4,Merchandise,8311
"Current, Capital and Financial Account Balances BPM6",2004Q4,Services,-2995
"Current, Capital and Financial Account Balances BPM6",2004Q4,Primary income,-5057
"Current, Capital and Financial Account Balances BPM6",2004Q4,Invisibles,-8345
"Current, Capital and Financial Account Balances BPM6",2004Q4,Secondary income,-294
"Current, Capital and Financial Account Balances BPM6",2004Q4,Financial account,-2591
"Current, Capital and Financial Account Balances BPM6",2004Q4,Net Errors and omissions,-2915
"Current, Capital and Financial Account Balances BPM6",2004Q4,Direct investment,10308
"Current, Capital and Financial Account Balances BPM6",2004Q4,Portfolio investment,919
"Current, Capital and Financial Account Balances BPM6",2004Q4,Other investment,-13836
"Current, Capital and Financial Account Balances BPM6",2005Q1,Current account,-1696
"Current, Capital and Financial Account Balances BPM6",2005Q1,Capital account,99
"Current, Capital and Financial Account Balances BPM6",2005Q1,Merchandise,7677
"Current, Capital and Financial Account Balances BPM6",2005Q1,Services,-2920
"Current, Capital and Financial Account Balances BPM6",2005Q1,Primary income,-5881
"Current, Capital and Financial Account Balances BPM6",2005Q1,Invisibles,-9373
"Current, Capital and Financial Account Balances BPM6",2005Q1,Secondary income,-572
"Current, Capital and Financial Account Balances BPM6",2005Q1,Financial account,2898
"Current, Capital and Financial Account Balances BPM6",2005Q1,Net Errors and omissions,4495
"Current, Capital and Financial Account Balances BPM6",2005Q1,Direct investment,-808
"Current, Capital and Financial Account Balances BPM6",2005Q1,Portfolio investment,-4080
"Current, Capital and Financial Account Balances BPM6",2005Q1,Other investment,7834
"Current, Capital and Financial Account Balances BPM6",2005Q2,Current account,-1183
"Current, Capital and Financial Account Balances BPM6",2005Q2,Capital account,-2
"Current, Capital and Financial Account Balances BPM6",2005Q2,Merchandise,8648
"Current, Capital and Financial Account Balances BPM6",2005Q2,Services,-2913
"Current, Capital and Financial Account Balances BPM6",2005Q2,Primary income,-6576
"Current, Capital and Financial Account Balances BPM6",2005Q2,Invisibles,-9831
"Current, Capital and Financial Account Balances BPM6",2005Q2,Secondary income,-342
"Current, Capital and Financial Account Balances BPM6",2005Q2,Financial account,-3732
"Current, Capital and Financial Account Balances BPM6",2005Q2,Net Errors and omissions,-2547
"Current, Capital and Financial Account Balances BPM6",2005Q2,Direct investment,7177
"Current, Capital and Financial Account Balances BPM6",2005Q2,Portfolio investment,428
"Current, Capital and Financial Account Balances BPM6",2005Q2,Other investment,-11268
"Current, Capital and Financial Account Balances BPM6",2005Q3,Current account,-2109
"Current, Capital and Financial Account Balances BPM6",2005Q3,Capital account,35
"Current, Capital and Financial Account Balances BPM6",2005Q3,Merchandise,7618
"Current, Capital and Financial Account Balances BPM6",2005Q3,Services,-3740
"Current, Capital and Financial Account Balances BPM6",2005Q3,Primary income,-5608
"Current, Capital and Financial Account Balances BPM6",2005Q3,Invisibles,-9727
"Current, Capital and Financial Account Balances BPM6",2005Q3,Secondary income,-379
"Current, Capital and Financial Account Balances BPM6",2005Q3,Financial account,559
"Current, Capital and Financial Account Balances BPM6",2005Q3,Net Errors and omissions,2633
"Current, Capital and Financial Account Balances BPM6",2005Q3,Direct investment,15925
"Current, Capital and Financial Account Balances BPM6",2005Q3,Portfolio investment,-25927
"Current, Capital and Financial Account Balances BPM6",2005Q3,Other investment,10571
"Current, Capital and Financial Account Balances BPM6",2005Q4,Current account,-1038
"Current, Capital and Financial Account Balances BPM6",2005Q4,Capital account,208
"Current, Capital and Financial Account Balances BPM6",2005Q4,Merchandise,8241
"Current, Capital and Financial Account Balances BPM6",2005Q4,Services,-4082
"Current, Capital and Financial Account Balances BPM6",2005Q4,Primary income,-4721
"Current, Capital and Financial Account Balances BPM6",2005Q4,Invisibles,-9279
"Current, Capital and Financial Account Balances BPM6",2005Q4,Secondary income,-475
"Current, Capital and Financial Account Balances BPM6",2005Q4,Financial account,-872
"Current, Capital and Financial Account Balances BPM6",2005Q4,Net Errors and omissions,-42
"Current, Capital and Financial Account Balances BPM6",2005Q4,Direct investment,15365
"Current, Capital and Financial Account Balances BPM6",2005Q4,Portfolio investment,-23119
"Current, Capital and Financial Account Balances BPM6",2005Q4,Other investment,8227
"Current, Capital and Financial Account Balances BPM6",2006Q1,Current account,-3794
"Current, Capital and Financial Account Balances BPM6",2006Q1,Capital account,97
"Current, Capital and Financial Account Balances BPM6",2006Q1,Merchandise,5539
"Current, Capital and Financial Account Balances BPM6",2006Q1,Services,-2627
"Current, Capital and Financial Account Balances BPM6",2006Q1,Primary income,-6057
"Current, Capital and Financial Account Balances BPM6",2006Q1,Invisibles,-9334
"Current, Capital and Financial Account Balances BPM6",2006Q1,Secondary income,-649
"Current, Capital and Financial Account Balances BPM6",2006Q1,Financial account,290
"Current, Capital and Financial Account Balances BPM6",2006Q1,Net Errors and omissions,3987
"Current, Capital and Financial Account Balances BPM6",2006Q1,Direct investment,4276
"Current, Capital and Financial Account Balances BPM6",2006Q1,Portfolio investment,15069
"Current, Capital and Financial Account Balances BPM6",2006Q1,Other investment,-18972
"Current, Capital and Financial Account Balances BPM6",2006Q2,Current account,-2885
"Current, Capital and Financial Account Balances BPM6",2006Q2,Capital account,27
"Current, Capital and Financial Account Balances BPM6",2006Q2,Merchandise,6790
"Current, Capital and Financial Account Balances BPM6",2006Q2,Services,-3280
"Current, Capital and Financial Account Balances BPM6",2006Q2,Primary income,-5948
"Current, Capital and Financial Account Balances BPM6",2006Q2,Invisibles,-9675
"Current, Capital and Financial Account Balances BPM6",2006Q2,Secondary income,-448
"Current, Capital and Financial Account Balances BPM6",2006Q2,Financial account,-2506
"Current, Capital and Financial Account Balances BPM6",2006Q2,Net Errors and omissions,352
"Current, Capital and Financial Account Balances BPM6",2006Q2,Direct investment,9436
"Current, Capital and Financial Account Balances BPM6",2006Q2,Portfolio investment,5782
"Current, Capital and Financial Account Balances BPM6",2006Q2,Other investment,-17834
"Current, Capital and Financial Account Balances BPM6",2006Q3,Current account,-1676
"Current, Capital and Financial Account Balances BPM6",2006Q3,Capital account,10
"Current, Capital and Financial Account Balances BPM6",2006Q3,Merchandise,8085
"Current, Capital and Financial Account Balances BPM6",2006Q3,Services,-2501
"Current, Capital and Financial Account Balances BPM6",2006Q3,Primary income,-6733
"Current, Capital and Financial Account Balances BPM6",2006Q3,Invisibles,-9761
"Current, Capital and Financial Account Balances BPM6",2006Q3,Secondary income,-526
"Current, Capital and Financial Account Balances BPM6",2006Q3,Financial account,-1961
"Current, Capital and Financial Account Balances BPM6",2006Q3,Net Errors and omissions,-295
"Current, Capital and Financial Account Balances BPM6",2006Q3,Direct investment,-5560
"Current, Capital and Financial Account Balances BPM6",2006Q3,Portfolio investment,-2601
"Current, Capital and Financial Account Balances BPM6",2006Q3,Other investment,6269
"Current, Capital and Financial Account Balances BPM6",2006Q4,Current account,-1550
"Current, Capital and Financial Account Balances BPM6",2006Q4,Capital account,165
"Current, Capital and Financial Account Balances BPM6",2006Q4,Merchandise,6780
"Current, Capital and Financial Account Balances BPM6",2006Q4,Services,-3905
"Current, Capital and Financial Account Balances BPM6",2006Q4,Primary income,-3984
"Current, Capital and Financial Account Balances BPM6",2006Q4,Invisibles,-8330
"Current, Capital and Financial Account Balances BPM6",2006Q4,Secondary income,-440
"Current, Capital and Financial Account Balances BPM6",2006Q4,Financial account,-4839
"Current, Capital and Financial Account Balances BPM6",2006Q4,Net Errors and omissions,-3454
"Current, Capital and Financial Account Balances BPM6",2006Q4,Direct investment,7689
"Current, Capital and Financial Account Balances BPM6",2006Q4,Portfolio investment,-26385
"Current, Capital and Financial Account Balances BPM6",2006Q4,Other investment,13903
"Current, Capital and Financial Account Balances BPM6",2007Q1,Current account,-4172
"Current, Capital and Financial Account Balances BPM6",2007Q1,Capital account,67
"Current, Capital and Financial Account Balances BPM6",2007Q1,Merchandise,6297
"Current, Capital and Financial Account Balances BPM6",2007Q1,Services,-2262
"Current, Capital and Financial Account Balances BPM6",2007Q1,Primary income,-7430
"Current, Capital and Financial Account Balances BPM6",2007Q1,Invisibles,-10469
"Current, Capital and Financial Account Balances BPM6",2007Q1,Secondary income,-777
"Current, Capital and Financial Account Balances BPM6",2007Q1,Financial account,-2874
"Current, Capital and Financial Account Balances BPM6",2007Q1,Net Errors and omissions,1231
"Current, Capital and Financial Account Balances BPM6",2007Q1,Direct investment,-1000
"Current, Capital and Financial Account Balances BPM6",2007Q1,Portfolio investment,976
"Current, Capital and Financial Account Balances BPM6",2007Q1,Other investment,-2897
"Current, Capital and Financial Account Balances BPM6",2007Q2,Current account,-3637
"Current, Capital and Financial Account Balances BPM6",2007Q2,Capital account,15
"Current, Capital and Financial Account Balances BPM6",2007Q2,Merchandise,7375
"Current, Capital and Financial Account Balances BPM6",2007Q2,Services,-2917
"Current, Capital and Financial Account Balances BPM6",2007Q2,Primary income,-7625
"Current, Capital and Financial Account Balances BPM6",2007Q2,Invisibles,-11012
"Current, Capital and Financial Account Balances BPM6",2007Q2,Secondary income,-470
"Current, Capital and Financial Account Balances BPM6",2007Q2,Financial account,-1615
"Current, Capital and Financial Account Balances BPM6",2007Q2,Net Errors and omissions,2007
"Current, Capital and Financial Account Balances BPM6",2007Q2,Direct investment,3245
"Current, Capital and Financial Account Balances BPM6",2007Q2,Portfolio investment,17579
"Current, Capital and Financial Account Balances BPM6",2007Q2,Other investment,-22430
"Current, Capital and Financial Account Balances BPM6",2007Q3,Current account,-2693
"Current, Capital and Financial Account Balances BPM6",2007Q3,Capital account,9
"Current, Capital and Financial Account Balances BPM6",2007Q3,Merchandise,7094
"Current, Capital and Financial Account Balances BPM6",2007Q3,Services,-2973
"Current, Capital and Financial Account Balances BPM6",2007Q3,Primary income,-6204
"Current, Capital and Financial Account Balances BPM6",2007Q3,Invisibles,-9787
"Current, Capital and Financial Account Balances BPM6",2007Q3,Secondary income,-609
"Current, Capital and Financial Account Balances BPM6",2007Q3,Financial account,-4183
"Current, Capital and Financial Account Balances BPM6",2007Q3,Net Errors and omissions,-1499
"Current, Capital and Financial Account Balances BPM6",2007Q3,Direct investment,1256
"Current, Capital and Financial Account Balances BPM6",2007Q3,Portfolio investment,-22769
"Current, Capital and Financial Account Balances BPM6",2007Q3,Other investment,17293
"Current, Capital and Financial Account Balances BPM6",2007Q4,Current account,-2324
"Current, Capital and Financial Account Balances BPM6",2007Q4,Capital account,24
"Current, Capital and Financial Account Balances BPM6",2007Q4,Merchandise,7932
"Current, Capital and Financial Account Balances BPM6",2007Q4,Services,-4232
"Current, Capital and Financial Account Balances BPM6",2007Q4,Primary income,-5370
"Current, Capital and Financial Account Balances BPM6",2007Q4,Invisibles,-10256
"Current, Capital and Financial Account Balances BPM6",2007Q4,Secondary income,-654
"Current, Capital and Financial Account Balances BPM6",2007Q4,Financial account,-5741
"Current, Capital and Financial Account Balances BPM6",2007Q4,Net Errors and omissions,-3441
"Current, Capital and Financial Account Balances BPM6",2007Q4,Direct investment,-5122
"Current, Capital and Financial Account Balances BPM6",2007Q4,Portfolio investment,11497
"Current, Capital and Financial Account Balances BPM6",2007Q4,Other investment,-12052
"Current, Capital and Financial Account Balances BPM6",2008Q1,Current account,-4784
"Current, Capital and Financial Account Balances BPM6",2008Q1,Capital account,42
"Current, Capital and Financial Account Balances BPM6",2008Q1,Merchandise,6304
"Current, Capital and Financial Account Balances BPM6",2008Q1,Services,-3766
"Current, Capital and Financial Account Balances BPM6",2008Q1,Primary income,-6375
"Current, Capital and Financial Account Balances BPM6",2008Q1,Invisibles,-11088
"Current, Capital and Financial Account Balances BPM6",2008Q1,Secondary income,-947
"Current, Capital and Financial Account Balances BPM6",2008Q1,Financial account,-9363
"Current, Capital and Financial Account Balances BPM6",2008Q1,Net Errors and omissions,-4621
"Current, Capital and Financial Account Balances BPM6",2008Q1,Direct investment,2933
"Current, Capital and Financial Account Balances BPM6",2008Q1,Portfolio investment,-8182
"Current, Capital and Financial Account Balances BPM6",2008Q1,Other investment,-4040
"Current, Capital and Financial Account Balances BPM6",2008Q2,Current account,-3120
"Current, Capital and Financial Account Balances BPM6",2008Q2,Capital account,66
"Current, Capital and Financial Account Balances BPM6",2008Q2,Merchandise,7819
"Current, Capital and Financial Account Balances BPM6",2008Q2,Services,-3654
"Current, Capital and Financial Account Balances BPM6",2008Q2,Primary income,-6681
"Current, Capital and Financial Account Balances BPM6",2008Q2,Invisibles,-10939
"Current, Capital and Financial Account Balances BPM6",2008Q2,Secondary income,-604
"Current, Capital and Financial Account Balances BPM6",2008Q2,Financial account,-10053
"Current, Capital and Financial Account Balances BPM6",2008Q2,Net Errors and omissions,-6998
"Current, Capital and Financial Account Balances BPM6",2008Q2,Direct investment,2925
"Current, Capital and Financial Account Balances BPM6",2008Q2,Portfolio investment,5541
"Current, Capital and Financial Account Balances BPM6",2008Q2,Other investment,-18565
"Current, Capital and Financial Account Balances BPM6",2008Q3,Current account,-2460
"Current, Capital and Financial Account Balances BPM6",2008Q3,Capital account,0
"Current, Capital and Financial Account Balances BPM6",2008Q3,Merchandise,8881
"Current, Capital and Financial Account Balances BPM6",2008Q3,Services,-3523
"Current, Capital and Financial Account Balances BPM6",2008Q3,Primary income,-7290
"Current, Capital and Financial Account Balances BPM6",2008Q3,Invisibles,-11341
"Current, Capital and Financial Account Balances BPM6",2008Q3,Secondary income,-528
"Current, Capital and Financial Account Balances BPM6",2008Q3,Financial account,1041
"Current, Capital and Financial Account Balances BPM6",2008Q3,Net Errors and omissions,3502
"Current, Capital and Financial Account Balances BPM6",2008Q3,Direct investment,9139
"Current, Capital and Financial Account Balances BPM6",2008Q3,Portfolio investment,12083
"Current, Capital and Financial Account Balances BPM6",2008Q3,Other investment,-20220
"Current, Capital and Financial Account Balances BPM6",2008Q4,Current account,-1351
"Current, Capital and Financial Account Balances BPM6",2008Q4,Capital account,11
"Current, Capital and Financial Account Balances BPM6",2008Q4,Merchandise,9619
"Current, Capital and Financial Account Balances BPM6",2008Q4,Services,-5525
"Current, Capital and Financial Account Balances BPM6",2008Q4,Primary income,-4795
"Current, Capital and Financial Account Balances BPM6",2008Q4,Invisibles,-10970
"Current, Capital and Financial Account Balances BPM6",2008Q4,Secondary income,-650
"Current, Capital and Financial Account Balances BPM6",2008Q4,Financial account,1557
"Current, Capital and Financial Account Balances BPM6",2008Q4,Net Errors and omissions,2898
"Current, Capital and Financial Account Balances BPM6",2008Q4,Direct investment,8291
"Current, Capital and Financial Account Balances BPM6",2008Q4,Portfolio investment,36307
"Current, Capital and Financial Account Balances BPM6",2008Q4,Other investment,-43107
"Current, Capital and Financial Account Balances BPM6",2009Q1,Current account,-2820
"Current, Capital and Financial Account Balances BPM6",2009Q1,Capital account,-3
"Current, Capital and Financial Account Balances BPM6",2009Q1,Merchandise,9692
"Current, Capital and Financial Account Balances BPM6",2009Q1,Services,-4189
"Current, Capital and Financial Account Balances BPM6",2009Q1,Primary income,-7362
"Current, Capital and Financial Account Balances BPM6",2009Q1,Invisibles,-12512
"Current, Capital and Financial Account Balances BPM6",2009Q1,Secondary income,-960
"Current, Capital and Financial Account Balances BPM6",2009Q1,Financial account,1822
"Current, Capital and Financial Account Balances BPM6",2009Q1,Net Errors and omissions,4646
"Current, Capital and Financial Account Balances BPM6",2009Q1,Direct investment,858
"Current, Capital and Financial Account Balances BPM6",2009Q1,Portfolio investment,2331
"Current, Capital and Financial Account Balances BPM6",2009Q1,Other investment,-1326
"Current, Capital and Financial Account Balances BPM6",2009Q2,Current account,-2270
"Current, Capital and Financial Account Balances BPM6",2009Q2,Capital account,-1
"Current, Capital and Financial Account Balances BPM6",2009Q2,Merchandise,10140
"Current, Capital and Financial Account Balances BPM6",2009Q2,Services,-3835
"Current, Capital and Financial Account Balances BPM6",2009Q2,Primary income,-7826
"Current, Capital and Financial Account Balances BPM6",2009Q2,Invisibles,-12410
"Current, Capital and Financial Account Balances BPM6",2009Q2,Secondary income,-748
"Current, Capital and Financial Account Balances BPM6",2009Q2,Financial account,-10249
"Current, Capital and Financial Account Balances BPM6",2009Q2,Net Errors and omissions,-7978
"Current, Capital and Financial Account Balances BPM6",2009Q2,Direct investment,-1409
"Current, Capital and Financial Account Balances BPM6",2009Q2,Portfolio investment,15776
"Current, Capital and Financial Account Balances BPM6",2009Q2,Other investment,-24678
"Current, Capital and Financial Account Balances BPM6",2009Q3,Current account,-946
"Current, Capital and Financial Account Balances BPM6",2009Q3,Capital account,-10
"Current, Capital and Financial Account Balances BPM6",2009Q3,Merchandise,9783
"Current, Capital and Financial Account Balances BPM6",2009Q3,Services,-2514
"Current, Capital and Financial Account Balances BPM6",2009Q3,Primary income,-7582
"Current, Capital and Financial Account Balances BPM6",2009Q3,Invisibles,-10729
"Current, Capital and Financial Account Balances BPM6",2009Q3,Secondary income,-633
"Current, Capital and Financial Account Balances BPM6",2009Q3,Financial account,2113
"Current, Capital and Financial Account Balances BPM6",2009Q3,Net Errors and omissions,3069
"Current, Capital and Financial Account Balances BPM6",2009Q3,Direct investment,7349
"Current, Capital and Financial Account Balances BPM6",2009Q3,Portfolio investment,-26570
"Current, Capital and Financial Account Balances BPM6",2009Q3,Other investment,21337
"Current, Capital and Financial Account Balances BPM6",2009Q4,Current account,-1868
"Current, Capital and Financial Account Balances BPM6",2009Q4,Capital account,28
"Current, Capital and Financial Account Balances BPM6",2009Q4,Merchandise,9137
"Current, Capital and Financial Account Balances BPM6",2009Q4,Services,-5285
"Current, Capital and Financial Account Balances BPM6",2009Q4,Primary income,-5114
"Current, Capital and Financial Account Balances BPM6",2009Q4,Invisibles,-11005
"Current, Capital and Financial Account Balances BPM6",2009Q4,Secondary income,-607
"Current, Capital and Financial Account Balances BPM6",2009Q4,Financial account,2796
"Current, Capital and Financial Account Balances BPM6",2009Q4,Net Errors and omissions,4637
"Current, Capital and Financial Account Balances BPM6",2009Q4,Direct investment,-7044
"Current, Capital and Financial Account Balances BPM6",2009Q4,Portfolio investment,-14163
"Current, Capital and Financial Account Balances BPM6",2009Q4,Other investment,24100
"Current, Capital and Financial Account Balances BPM6",2010Q1,Current account,-1446
"Current, Capital and Financial Account Balances BPM6",2010Q1,Capital account,50
"Current, Capital and Financial Account Balances BPM6",2010Q1,Merchandise,10235
"Current, Capital and Financial Account Balances BPM6",2010Q1,Services,-2824
"Current, Capital and Financial Account Balances BPM6",2010Q1,Primary income,-7978
"Current, Capital and Financial Account Balances BPM6",2010Q1,Invisibles,-11681
"Current, Capital and Financial Account Balances BPM6",2010Q1,Secondary income,-879
"Current, Capital and Financial Account Balances BPM6",2010Q1,Financial account,7043
"Current, Capital and Financial Account Balances BPM6",2010Q1,Net Errors and omissions,8439
"Current, Capital and Financial Account Balances BPM6",2010Q1,Direct investment,-4772
"Current, Capital and Financial Account Balances BPM6",2010Q1,Portfolio investment,-19821
"Current, Capital and Financial Account Balances BPM6",2010Q1,Other investment,31668
"Current, Capital and Financial Account Balances BPM6",2010Q2,Current account,-1402
"Current, Capital and Financial Account Balances BPM6",2010Q2,Capital account,4
"Current, Capital and Financial Account Balances BPM6",2010Q2,Merchandise,10555
"Current, Capital and Financial Account Balances BPM6",2010Q2,Services,-3342
"Current, Capital and Financial Account Balances BPM6",2010Q2,Primary income,-8026
"Current, Capital and Financial Account Balances BPM6",2010Q2,Invisibles,-11957
"Current, Capital and Financial Account Balances BPM6",2010Q2,Secondary income,-590
"Current, Capital and Financial Account Balances BPM6",2010Q2,Financial account,-13001
"Current, Capital and Financial Account Balances BPM6",2010Q2,Net Errors and omissions,-11602
"Current, Capital and Financial Account Balances BPM6",2010Q2,Direct investment,-3249
"Current, Capital and Financial Account Balances BPM6",2010Q2,Portfolio investment,8568
"Current, Capital and Financial Account Balances BPM6",2010Q2,Other investment,-18338
"Current, Capital and Financial Account Balances BPM6",2010Q3,Current account,1174
"Current, Capital and Financial Account Balances BPM6",2010Q3,Capital account,14
"Current, Capital and Financial Account Balances BPM6",2010Q3,Merchandise,11985
"Current, Capital and Financial Account Balances BPM6",2010Q3,Services,-2955
"Current, Capital and Financial Account Balances BPM6",2010Q3,Primary income,-7152
"Current, Capital and Financial Account Balances BPM6",2010Q3,Invisibles,-10811
"Current, Capital and Financial Account Balances BPM6",2010Q3,Secondary income,-704
"Current, Capital and Financial Account Balances BPM6",2010Q3,Financial account,-4910
"Current, Capital and Financial Account Balances BPM6",2010Q3,Net Errors and omissions,-6098
"Current, Capital and Financial Account Balances BPM6",2010Q3,Direct investment,1178
"Current, Capital and Financial Account Balances BPM6",2010Q3,Portfolio investment,19581
"Current, Capital and Financial Account Balances BPM6",2010Q3,Other investment,-25745
"Current, Capital and Financial Account Balances BPM6",2010Q4,Current account,-337
"Current, Capital and Financial Account Balances BPM6",2010Q4,Capital account,23
"Current, Capital and Financial Account Balances BPM6",2010Q4,Merchandise,8513
"Current, Capital and Financial Account Balances BPM6",2010Q4,Services,-4300
"Current, Capital and Financial Account Balances BPM6",2010Q4,Primary income,-4022
"Current, Capital and Financial Account Balances BPM6",2010Q4,Invisibles,-8850
"Current, Capital and Financial Account Balances BPM6",2010Q4,Secondary income,-528
"Current, Capital and Financial Account Balances BPM6",2010Q4,Financial account,-537
"Current, Capital and Financial Account Balances BPM6",2010Q4,Net Errors and omissions,-222
"Current, Capital and Financial Account Balances BPM6",2010Q4,Direct investment,-9475
"Current, Capital and Financial Account Balances BPM6",2010Q4,Portfolio investment,-94293
"Current, Capital and Financial Account Balances BPM6",2010Q4,Other investment,103299
"Current, Capital and Financial Account Balances BPM6",2011Q1,Current account,-1422
"Current, Capital and Financial Account Balances BPM6",2011Q1,Capital account,24
"Current, Capital and Financial Account Balances BPM6",2011Q1,Merchandise,10624
"Current, Capital and Financial Account Balances BPM6",2011Q1,Services,-2926
"Current, Capital and Financial Account Balances BPM6",2011Q1,Primary income,-8278
"Current, Capital and Financial Account Balances BPM6",2011Q1,Invisibles,-12046
"Current, Capital and Financial Account Balances BPM6",2011Q1,Secondary income,-841
"Current, Capital and Financial Account Balances BPM6",2011Q1,Financial account,-4295
"Current, Capital and Financial Account Balances BPM6",2011Q1,Net Errors and omissions,-2897
"Current, Capital and Financial Account Balances BPM6",2011Q1,Direct investment,-8453
"Current, Capital and Financial Account Balances BPM6",2011Q1,Portfolio investment,-7063
"Current, Capital and Financial Account Balances BPM6",2011Q1,Other investment,11286
"Current, Capital and Financial Account Balances BPM6",2011Q2,Current account,-1336
"Current, Capital and Financial Account Balances BPM6",2011Q2,Capital account,1
"Current, Capital and Financial Account Balances BPM6",2011Q2,Merchandise,9576
"Current, Capital and Financial Account Balances BPM6",2011Q2,Services,-1580
"Current, Capital and Financial Account Balances BPM6",2011Q2,Primary income,-8820
"Current, Capital and Financial Account Balances BPM6",2011Q2,Invisibles,-10913
"Current, Capital and Financial Account Balances BPM6",2011Q2,Secondary income,-513
"Current, Capital and Financial Account Balances BPM6",2011Q2,Financial account,-2759
"Current, Capital and Financial Account Balances BPM6",2011Q2,Net Errors and omissions,-1424
"Current, Capital and Financial Account Balances BPM6",2011Q2,Direct investment,-7601
"Current, Capital and Financial Account Balances BPM6",2011Q2,Portfolio investment,-22344
"Current, Capital and Financial Account Balances BPM6",2011Q2,Other investment,27157
"Current, Capital and Financial Account Balances BPM6",2011Q3,Current account,736
"Current, Capital and Financial Account Balances BPM6",2011Q3,Capital account,-1
"Current, Capital and Financial Account Balances BPM6",2011Q3,Merchandise,11547
"Current, Capital and Financial Account Balances BPM6",2011Q3,Services,-1862
"Current, Capital and Financial Account Balances BPM6",2011Q3,Primary income,-8307
"Current, Capital and Financial Account Balances BPM6",2011Q3,Invisibles,-10810
"Current, Capital and Financial Account Balances BPM6",2011Q3,Secondary income,-641
"Current, Capital and Financial Account Balances BPM6",2011Q3,Financial account,-4022
"Current, Capital and Financial Account Balances BPM6",2011Q3,Net Errors and omissions,-4757
"Current, Capital and Financial Account Balances BPM6",2011Q3,Direct investment,-6802
"Current, Capital and Financial Account Balances BPM6",2011Q3,Portfolio investment,19456
"Current, Capital and Financial Account Balances BPM6",2011Q3,Other investment,-16652
"Current, Capital and Financial Account Balances BPM6",2011Q4,Current account,-789
"Current, Capital and Financial Account Balances BPM6",2011Q4,Capital account,210
"Current, Capital and Financial Account Balances BPM6",2011Q4,Merchandise,9510
"Current, Capital and Financial Account Balances BPM6",2011Q4,Services,-2729
"Current, Capital and Financial Account Balances BPM6",2011Q4,Primary income,-6906
"Current, Capital and Financial Account Balances BPM6",2011Q4,Invisibles,-10299
"Current, Capital and Financial Account Balances BPM6",2011Q4,Secondary income,-664
"Current, Capital and Financial Account Balances BPM6",2011Q4,Financial account,-3772
"Current, Capital and Financial Account Balances BPM6",2011Q4,Net Errors and omissions,-3194
"Current, Capital and Financial Account Balances BPM6",2011Q4,Direct investment,4158
"Current, Capital and Financial Account Balances BPM6",2011Q4,Portfolio investment,-16957
"Current, Capital and Financial Account Balances BPM6",2011Q4,Other investment,9295
"Current, Capital and Financial Account Balances BPM6",2012Q1,Current account,-2702
"Current, Capital and Financial Account Balances BPM6",2012Q1,Capital account,61
"Current, Capital and Financial Account Balances BPM6",2012Q1,Merchandise,8969
"Current, Capital and Financial Account Balances BPM6",2012Q1,Services,-1805
"Current, Capital and Financial Account Balances BPM6",2012Q1,Primary income,-9051
"Current, Capital and Financial Account Balances BPM6",2012Q1,Invisibles,-11670
"Current, Capital and Financial Account Balances BPM6",2012Q1,Secondary income,-814
"Current, Capital and Financial Account Balances BPM6",2012Q1,Financial account,-857
"Current, Capital and Financial Account Balances BPM6",2012Q1,Net Errors and omissions,1784
"Current, Capital and Financial Account Balances BPM6",2012Q1,Direct investment,-13176
"Current, Capital and Financial Account Balances BPM6",2012Q1,Portfolio investment,44957
"Current, Capital and Financial Account Balances BPM6",2012Q1,Other investment,-32626
"Current, Capital and Financial Account Balances BPM6",2012Q2,Current account,-2419
"Current, Capital and Financial Account Balances BPM6",2012Q2,Capital account,1
"Current, Capital and Financial Account Balances BPM6",2012Q2,Merchandise,9275
"Current, Capital and Financial Account Balances BPM6",2012Q2,Services,-2603
"Current, Capital and Financial Account Balances BPM6",2012Q2,Primary income,-8488
"Current, Capital and Financial Account Balances BPM6",2012Q2,Invisibles,-11694
"Current, Capital and Financial Account Balances BPM6",2012Q2,Secondary income,-603
"Current, Capital and Financial Account Balances BPM6",2012Q2,Financial account,-9061
"Current, Capital and Financial Account Balances BPM6",2012Q2,Net Errors and omissions,-6643
"Current, Capital and Financial Account Balances BPM6",2012Q2,Direct investment,3238
"Current, Capital and Financial Account Balances BPM6",2012Q2,Portfolio investment,-33254
"Current, Capital and Financial Account Balances BPM6",2012Q2,Other investment,20949
"Current, Capital and Financial Account Balances BPM6",2012Q3,Current account,471
"Current, Capital and Financial Account Balances BPM6",2012Q3,Capital account,5
"Current, Capital and Financial Account Balances BPM6",2012Q3,Merchandise,10072
"Current, Capital and Financial Account Balances BPM6",2012Q3,Services,-327
"Current, Capital and Financial Account Balances BPM6",2012Q3,Primary income,-8632
"Current, Capital and Financial Account Balances BPM6",2012Q3,Invisibles,-9602
"Current, Capital and Financial Account Balances BPM6",2012Q3,Secondary income,-643
"Current, Capital and Financial Account Balances BPM6",2012Q3,Financial account,-2714
"Current, Capital and Financial Account Balances BPM6",2012Q3,Net Errors and omissions,-3190
"Current, Capital and Financial Account Balances BPM6",2012Q3,Direct investment,-14231
"Current, Capital and Financial Account Balances BPM6",2012Q3,Portfolio investment,-6315
"Current, Capital and Financial Account Balances BPM6",2012Q3,Other investment,17833
"Current, Capital and Financial Account Balances BPM6",2012Q4,Current account,-1284
"Current, Capital and Financial Account Balances BPM6",2012Q4,Capital account,19
"Current, Capital and Financial Account Balances BPM6",2012Q4,Merchandise,8580
"Current, Capital and Financial Account Balances BPM6",2012Q4,Services,-1547
"Current, Capital and Financial Account Balances BPM6",2012Q4,Primary income,-7768
"Current, Capital and Financial Account Balances BPM6",2012Q4,Invisibles,-9864
"Current, Capital and Financial Account Balances BPM6",2012Q4,Secondary income,-549
"Current, Capital and Financial Account Balances BPM6",2012Q4,Financial account,2308
"Current, Capital and Financial Account Balances BPM6",2012Q4,Net Errors and omissions,3573
"Current, Capital and Financial Account Balances BPM6",2012Q4,Direct investment,3672
"Current, Capital and Financial Account Balances BPM6",2012Q4,Portfolio investment,-6155
"Current, Capital and Financial Account Balances BPM6",2012Q4,Other investment,4796
"Current, Capital and Financial Account Balances BPM6",2013Q1,Current account,-456
"Current, Capital and Financial Account Balances BPM6",2013Q1,Capital account,-207
"Current, Capital and Financial Account Balances BPM6",2013Q1,Merchandise,7726
"Current, Capital and Financial Account Balances BPM6",2013Q1,Services,39
"Current, Capital and Financial Account Balances BPM6",2013Q1,Primary income,-7394
"Current, Capital and Financial Account Balances BPM6",2013Q1,Invisibles,-8183
"Current, Capital and Financial Account Balances BPM6",2013Q1,Secondary income,-828
"Current, Capital and Financial Account Balances BPM6",2013Q1,Financial account,2509
"Current, Capital and Financial Account Balances BPM6",2013Q1,Net Errors and omissions,3172
"Current, Capital and Financial Account Balances BPM6",2013Q1,Direct investment,-5248
"Current, Capital and Financial Account Balances BPM6",2013Q1,Portfolio investment,8252
"Current, Capital and Financial Account Balances BPM6",2013Q1,Other investment,-494
"Current, Capital and Financial Account Balances BPM6",2013Q2,Current account,734
"Current, Capital and Financial Account Balances BPM6",2013Q2,Capital account,-244
"Current, Capital and Financial Account Balances BPM6",2013Q2,Merchandise,9638
"Current, Capital and Financial Account Balances BPM6",2013Q2,Services,10
"Current, Capital and Financial Account Balances BPM6",2013Q2,Primary income,-8215
"Current, Capital and Financial Account Balances BPM6",2013Q2,Invisibles,-8905
"Current, Capital and Financial Account Balances BPM6",2013Q2,Secondary income,-700
"Current, Capital and Financial Account Balances BPM6",2013Q2,Financial account,-1083
"Current, Capital and Financial Account Balances BPM6",2013Q2,Net Errors and omissions,-1573
"Current, Capital and Financial Account Balances BPM6",2013Q2,Direct investment,-8701
"Current, Capital and Financial Account Balances BPM6",2013Q2,Portfolio investment,13569
"Current, Capital and Financial Account Balances BPM6",2013Q2,Other investment,-5952
"Current, Capital and Financial Account Balances BPM6",2013Q3,Current account,3023
"Current, Capital and Financial Account Balances BPM6",2013Q3,Capital account,-259
"Current, Capital and Financial Account Balances BPM6",2013Q3,Merchandise,9816
"Current, Capital and Financial Account Balances BPM6",2013Q3,Services,1163
"Current, Capital and Financial Account Balances BPM6",2013Q3,Primary income,-7292
"Current, Capital and Financial Account Balances BPM6",2013Q3,Invisibles,-6792
"Current, Capital and Financial Account Balances BPM6",2013Q3,Secondary income,-663
"Current, Capital and Financial Account Balances BPM6",2013Q3,Financial account,1891
"Current, Capital and Financial Account Balances BPM6",2013Q3,Net Errors and omissions,-873
"Current, Capital and Financial Account Balances BPM6",2013Q3,Direct investment,-2471
"Current, Capital and Financial Account Balances BPM6",2013Q3,Portfolio investment,9553
"Current, Capital and Financial Account Balances BPM6",2013Q3,Other investment,-5196
"Current, Capital and Financial Account Balances BPM6",2013Q4,Current account,1086
"Current, Capital and Financial Account Balances BPM6",2013Q4,Capital account,-226
"Current, Capital and Financial Account Balances BPM6",2013Q4,Merchandise,7326
"Current, Capital and Financial Account Balances BPM6",2013Q4,Services,407
"Current, Capital and Financial Account Balances BPM6",2013Q4,Primary income,-5907
"Current, Capital and Financial Account Balances BPM6",2013Q4,Invisibles,-6240
"Current, Capital and Financial Account Balances BPM6",2013Q4,Secondary income,-740
"Current, Capital and Financial Account Balances BPM6",2013Q4,Financial account,973
"Current, Capital and Financial Account Balances BPM6",2013Q4,Net Errors and omissions,113
"Current, Capital and Financial Account Balances BPM6",2013Q4,Direct investment,-1890
"Current, Capital and Financial Account Balances BPM6",2013Q4,Portfolio investment,18422
"Current, Capital and Financial Account Balances BPM6",2013Q4,Other investment,-15564
"Current, Capital and Financial Account Balances BPM6",2014Q1,Current account,-794
"Current, Capital and Financial Account Balances BPM6",2014Q1,Capital account,-1691
"Current, Capital and Financial Account Balances BPM6",2014Q1,Merchandise,8939
"Current, Capital and Financial Account Balances BPM6",2014Q1,Services,-1051
"Current, Capital and Financial Account Balances BPM6",2014Q1,Primary income,-7783
"Current, Capital and Financial Account Balances BPM6",2014Q1,Invisibles,-9733
"Current, Capital and Financial Account Balances BPM6",2014Q1,Secondary income,-899
"Current, Capital and Financial Account Balances BPM6",2014Q1,Financial account,844
"Current, Capital and Financial Account Balances BPM6",2014Q1,Net Errors and omissions,3329
"Current, Capital and Financial Account Balances BPM6",2014Q1,Direct investment,1158
"Current, Capital and Financial Account Balances BPM6",2014Q1,Portfolio investment,-12758
"Current, Capital and Financial Account Balances BPM6",2014Q1,Other investment,12445
"Current, Capital and Financial Account Balances BPM6",2014Q2,Current account,1697
"Current, Capital and Financial Account Balances BPM6",2014Q2,Capital account,-1717
"Current, Capital and Financial Account Balances BPM6",2014Q2,Merchandise,11286
"Current, Capital and Financial Account Balances BPM6",2014Q2,Services,-720
"Current, Capital and Financial Account Balances BPM6",2014Q2,Primary income,-8260
"Current, Capital and Financial Account Balances BPM6",2014Q2,Invisibles,-9588
"Current, Capital and Financial Account Balances BPM6",2014Q2,Secondary income,-608
"Current, Capital and Financial Account Balances BPM6",2014Q2,Financial account,2930
"Current, Capital and Financial Account Balances BPM6",2014Q2,Net Errors and omissions,2950
"Current, Capital and Financial Account Balances BPM6",2014Q2,Direct investment,-4465
"Current, Capital and Financial Account Balances BPM6",2014Q2,Portfolio investment,-4507
"Current, Capital and Financial Account Balances BPM6",2014Q2,Other investment,11901
"Current, Capital and Financial Account Balances BPM6",2014Q3,Current account,3193
"Current, Capital and Financial Account Balances BPM6",2014Q3,Capital account,-1649
"Current, Capital and Financial Account Balances BPM6",2014Q3,Merchandise,10985
"Current, Capital and Financial Account Balances BPM6",2014Q3,Services,875
"Current, Capital and Financial Account Balances BPM6",2014Q3,Primary income,-8122
"Current, Capital and Financial Account Balances BPM6",2014Q3,Invisibles,-7792
"Current, Capital and Financial Account Balances BPM6",2014Q3,Secondary income,-545
"Current, Capital and Financial Account Balances BPM6",2014Q3,Financial account,-5168
"Current, Capital and Financial Account Balances BPM6",2014Q3,Net Errors and omissions,-6712
"Current, Capital and Financial Account Balances BPM6",2014Q3,Direct investment,-2454
"Current, Capital and Financial Account Balances BPM6",2014Q3,Portfolio investment,-15244
"Current, Capital and Financial Account Balances BPM6",2014Q3,Other investment,12526
"Current, Capital and Financial Account Balances BPM6",2014Q4,Current account,42
"Current, Capital and Financial Account Balances BPM6",2014Q4,Capital account,-1712
"Current, Capital and Financial Account Balances BPM6",2014Q4,Merchandise,9521
"Current, Capital and Financial Account Balances BPM6",2014Q4,Services,-1694
"Current, Capital and Financial Account Balances BPM6",2014Q4,Primary income,-7086
"Current, Capital and Financial Account Balances BPM6",2014Q4,Invisibles,-9478
"Current, Capital and Financial Account Balances BPM6",2014Q4,Secondary income,-698
"Current, Capital and Financial Account Balances BPM6",2014Q4,Financial account,-5605
"Current, Capital and Financial Account Balances BPM6",2014Q4,Net Errors and omissions,-3935
"Current, Capital and Financial Account Balances BPM6",2014Q4,Direct investment,-4337
"Current, Capital and Financial Account Balances BPM6",2014Q4,Portfolio investment,4722
"Current, Capital and Financial Account Balances BPM6",2014Q4,Other investment,-6123
"Current, Capital and Financial Account Balances BPM6",2015Q1,Current account,4989
"Current, Capital and Financial Account Balances BPM6",2015Q1,Capital account,-707
"Current, Capital and Financial Account Balances BPM6",2015Q1,Merchandise,26790
"Current, Capital and Financial Account Balances BPM6",2015Q1,Services,-4471
"Current, Capital and Financial Account Balances BPM6",2015Q1,Primary income,-16343
"Current, Capital and Financial Account Balances BPM6",2015Q1,Invisibles,-21800
"Current, Capital and Financial Account Balances BPM6",2015Q1,Secondary income,-986
"Current, Capital and Financial Account Balances BPM6",2015Q1,Financial account,3777
"Current, Capital and Financial Account Balances BPM6",2015Q1,Net Errors and omissions,-505
"Current, Capital and Financial Account Balances BPM6",2015Q1,Direct investment,40300
"Current, Capital and Financial Account Balances BPM6",2015Q1,Portfolio investment,-72413
"Current, Capital and Financial Account Balances BPM6",2015Q1,Other investment,35780
"Current, Capital and Financial Account Balances BPM6",2015Q2,Current account,7576
"Current, Capital and Financial Account Balances BPM6",2015Q2,Capital account,-226
"Current, Capital and Financial Account Balances BPM6",2015Q2,Merchandise,26894
"Current, Capital and Financial Account Balances BPM6",2015Q2,Services,-6830
"Current, Capital and Financial Account Balances BPM6",2015Q2,Primary income,-11694
"Current, Capital and Financial Account Balances BPM6",2015Q2,Invisibles,-19318
"Current, Capital and Financial Account Balances BPM6",2015Q2,Secondary income,-794
"Current, Capital and Financial Account Balances BPM6",2015Q2,Financial account,4816
"Current, Capital and Financial Account Balances BPM6",2015Q2,Net Errors and omissions,-2534
"Current, Capital and Financial Account Balances BPM6",2015Q2,Direct investment,-960
"Current, Capital and Financial Account Balances BPM6",2015Q2,Portfolio investment,14754
"Current, Capital and Financial Account Balances BPM6",2015Q2,Other investment,-9286
"Current, Capital and Financial Account Balances BPM6",2015Q3,Current account,6216
"Current, Capital and Financial Account Balances BPM6",2015Q3,Capital account,100
"Current, Capital and Financial Account Balances BPM6",2015Q3,Merchandise,29755
"Current, Capital and Financial Account Balances BPM6",2015Q3,Services,-6151
"Current, Capital and Financial Account Balances BPM6",2015Q3,Primary income,-16795
"Current, Capital and Financial Account Balances BPM6",2015Q3,Invisibles,-23539
"Current, Capital and Financial Account Balances BPM6",2015Q3,Secondary income,-593
"Current, Capital and Financial Account Balances BPM6",2015Q3,Financial account,9035
"Current, Capital and Financial Account Balances BPM6",2015Q3,Net Errors and omissions,2719
"Current, Capital and Financial Account Balances BPM6",2015Q3,Direct investment,10429
"Current, Capital and Financial Account Balances BPM6",2015Q3,Portfolio investment,-15637
"Current, Capital and Financial Account Balances BPM6",2015Q3,Other investment,14268
"Current, Capital and Financial Account Balances BPM6",2015Q4,Current account,-2069
"Current, Capital and Financial Account Balances BPM6",2015Q4,Capital account,-470
"Current, Capital and Financial Account Balances BPM6",2015Q4,Merchandise,29955
"Current, Capital and Financial Account Balances BPM6",2015Q4,Services,-15149
"Current, Capital and Financial Account Balances BPM6",2015Q4,Primary income,-15910
"Current, Capital and Financial Account Balances BPM6",2015Q4,Invisibles,-32024
"Current, Capital and Financial Account Balances BPM6",2015Q4,Secondary income,-965
"Current, Capital and Financial Account Balances BPM6",2015Q4,Financial account,-5228
"Current, Capital and Financial Account Balances BPM6",2015Q4,Net Errors and omissions,-2689
"Current, Capital and Financial Account Balances BPM6",2015Q4,Direct investment,-92446
"Current, Capital and Financial Account Balances BPM6",2015Q4,Portfolio investment,-10708
"Current, Capital and Financial Account Balances BPM6",2015Q4,Other investment,97824
"Current, Capital and Financial Account Balances BPM6",2016Q1,Current account,1779
"Current, Capital and Financial Account Balances BPM6",2016Q1,Capital account,-2670
"Current, Capital and Financial Account Balances BPM6",2016Q1,Merchandise,27367
"Current, Capital and Financial Account Balances BPM6",2016Q1,Services,-13070
"Current, Capital and Financial Account Balances BPM6",2016Q1,Primary income,-11497
"Current, Capital and Financial Account Balances BPM6",2016Q1,Invisibles,-25587
"Current, Capital and Financial Account Balances BPM6",2016Q1,Secondary income,-1020
"Current, Capital and Financial Account Balances BPM6",2016Q1,Financial account,7876
"Current, Capital and Financial Account Balances BPM6",2016Q1,Net Errors and omissions,8767
"Current, Capital and Financial Account Balances BPM6",2016Q1,Direct investment,12895
"Current, Capital and Financial Account Balances BPM6",2016Q1,Portfolio investment,-5514
"Current, Capital and Financial Account Balances BPM6",2016Q1,Other investment,-600
"Current, Capital and Financial Account Balances BPM6",2016Q2,Current account,270
"Current, Capital and Financial Account Balances BPM6",2016Q2,Capital account,-586
"Current, Capital and Financial Account Balances BPM6",2016Q2,Merchandise,24440
"Current, Capital and Financial Account Balances BPM6",2016Q2,Services,-12286
"Current, Capital and Financial Account Balances BPM6",2016Q2,Primary income,-11117
"Current, Capital and Financial Account Balances BPM6",2016Q2,Invisibles,-24171
"Current, Capital and Financial Account Balances BPM6",2016Q2,Secondary income,-768
"Current, Capital and Financial Account Balances BPM6",2016Q2,Financial account,-9948
"Current, Capital and Financial Account Balances BPM6",2016Q2,Net Errors and omissions,-9632
"Current, Capital and Financial Account Balances BPM6",2016Q2,Direct investment,1982
"Current, Capital and Financial Account Balances BPM6",2016Q2,Portfolio investment,3882
"Current, Capital and Financial Account Balances BPM6",2016Q2,Other investment,-15589
"Current, Capital and Financial Account Balances BPM6",2016Q3,Current account,-267
"Current, Capital and Financial Account Balances BPM6",2016Q3,Capital account,161
"Current, Capital and Financial Account Balances BPM6",2016Q3,Merchandise,26315
"Current, Capital and Financial Account Balances BPM6",2016Q3,Services,-10958
"Current, Capital and Financial Account Balances BPM6",2016Q3,Primary income,-14804
"Current, Capital and Financial Account Balances BPM6",2016Q3,Invisibles,-26582
"Current, Capital and Financial Account Balances BPM6",2016Q3,Secondary income,-820
"Current, Capital and Financial Account Balances BPM6",2016Q3,Financial account,-5676
"Current, Capital and Financial Account Balances BPM6",2016Q3,Net Errors and omissions,-5570
"Current, Capital and Financial Account Balances BPM6",2016Q3,Direct investment,-1695
"Current, Capital and Financial Account Balances BPM6",2016Q3,Portfolio investment,12528
"Current, Capital and Financial Account Balances BPM6",2016Q3,Other investment,-16888
"Current, Capital and Financial Account Balances BPM6",2016Q4,Current account,-5216
"Current, Capital and Financial Account Balances BPM6",2016Q4,Capital account,-1236
"Current, Capital and Financial Account Balances BPM6",2016Q4,Merchandise,28043
"Current, Capital and Financial Account Balances BPM6",2016Q4,Services,-18394
"Current, Capital and Financial Account Balances BPM6",2016Q4,Primary income,-13659
"Current, Capital and Financial Account Balances BPM6",2016Q4,Invisibles,-33258
"Current, Capital and Financial Account Balances BPM6",2016Q4,Secondary income,-1205
"Current, Capital and Financial Account Balances BPM6",2016Q4,Financial account,2182
"Current, Capital and Financial Account Balances BPM6",2016Q4,Net Errors and omissions,8634
"Current, Capital and Financial Account Balances BPM6",2016Q4,Direct investment,1020
"Current, Capital and Financial Account Balances BPM6",2016Q4,Portfolio investment,23729
"Current, Capital and Financial Account Balances BPM6",2016Q4,Other investment,-22772
"Current, Capital and Financial Account Balances BPM6",2017Q1,Current account,6597
"Current, Capital and Financial Account Balances BPM6",2017Q1,Capital account,-8538
"Current, Capital and Financial Account Balances BPM6",2017Q1,Merchandise,24968
"Current, Capital and Financial Account Balances BPM6",2017Q1,Services,-1314
"Current, Capital and Financial Account Balances BPM6",2017Q1,Primary income,-16441
"Current, Capital and Financial Account Balances BPM6",2017Q1,Invisibles,-18371
"Current, Capital and Financial Account Balances BPM6",2017Q1,Secondary income,-616
"Current, Capital and Financial Account Balances BPM6",2017Q1,Financial account,-11206
"Current, Capital and Financial Account Balances BPM6",2017Q1,Net Errors and omissions,-9265
"Current, Capital and Financial Account Balances BPM6",2017Q1,Direct investment,-6608
"Current, Capital and Financial Account Balances BPM6",2017Q1,Portfolio investment,-14015
"Current, Capital and Financial Account Balances BPM6",2017Q1,Other investment,9518
"Current, Capital and Financial Account Balances BPM6",2017Q2,Current account,-31349
"Current, Capital and Financial Account Balances BPM6",2017Q2,Capital account,-12079
"Current, Capital and Financial Account Balances BPM6",2017Q2,Merchandise,24327
"Current, Capital and Financial Account Balances BPM6",2017Q2,Services,-36726
"Current, Capital and Financial Account Balances BPM6",2017Q2,Primary income,-17781
"Current, Capital and Financial Account Balances BPM6",2017Q2,Invisibles,-55677
"Current, Capital and Financial Account Balances BPM6",2017Q2,Secondary income,-1170
"Current, Capital and Financial Account Balances BPM6",2017Q2,Financial account,-34333
"Current, Capital and Financial Account Balances BPM6",2017Q2,Net Errors and omissions,9095
"Current, Capital and Financial Account Balances BPM6",2017Q2,Direct investment,-24153
"Current, Capital and Financial Account Balances BPM6",2017Q2,Portfolio investment,-39145
"Current, Capital and Financial Account Balances BPM6",2017Q2,Other investment,28803
"Current, Capital and Financial Account Balances BPM6",2017Q3,Current account,14857
"Current, Capital and Financial Account Balances BPM6",2017Q3,Capital account,-4640
"Current, Capital and Financial Account Balances BPM6",2017Q3,Merchandise,28445
"Current, Capital and Financial Account Balances BPM6",2017Q3,Services,2205
"Current, Capital and Financial Account Balances BPM6",2017Q3,Primary income,-15168
"Current, Capital and Financial Account Balances BPM6",2017Q3,Invisibles,-13589
"Current, Capital and Financial Account Balances BPM6",2017Q3,Secondary income,-626
"Current, Capital and Financial Account Balances BPM6",2017Q3,Financial account,885
"Current, Capital and Financial Account Balances BPM6",2017Q3,Net Errors and omissions,-9332
"Current, Capital and Financial Account Balances BPM6",2017Q3,Direct investment,2681
"Current, Capital and Financial Account Balances BPM6",2017Q3,Portfolio investment,9996
"Current, Capital and Financial Account Balances BPM6",2017Q3,Other investment,-12027
"Current, Capital and Financial Account Balances BPM6",2017Q4,Current account,13423
"Current, Capital and Financial Account Balances BPM6",2017Q4,Capital account,-598
"Current, Capital and Financial Account Balances BPM6",2017Q4,Merchandise,30504
"Current, Capital and Financial Account Balances BPM6",2017Q4,Services,638
"Current, Capital and Financial Account Balances BPM6",2017Q4,Primary income,-17025
"Current, Capital and Financial Account Balances BPM6",2017Q4,Invisibles,-17081
"Current, Capital and Financial Account Balances BPM6",2017Q4,Secondary income,-694
"Current, Capital and Financial Account Balances BPM6",2017Q4,Financial account,22099
"Current, Capital and Financial Account Balances BPM6",2017Q4,Net Errors and omissions,9274
"Current, Capital and Financial Account Balances BPM6",2017Q4,Direct investment,-34193
"Current, Capital and Financial Account Balances BPM6",2017Q4,Portfolio investment,8664
"Current, Capital and Financial Account Balances BPM6",2017Q4,Other investment,47527
"Current, Capital and Financial Account Balances BPM6",2018Q1,Current account,9655
"Current, Capital and Financial Account Balances BPM6",2018Q1,Capital account,-109
"Current, Capital and Financial Account Balances BPM6",2018Q1,Merchandise,28269
"Current, Capital and Financial Account Balances BPM6",2018Q1,Services,2290
"Current, Capital and Financial Account Balances BPM6",2018Q1,Primary income,-19930
"Current, Capital and Financial Account Balances BPM6",2018Q1,Invisibles,-18614
"Current, Capital and Financial Account Balances BPM6",2018Q1,Secondary income,-974
"Current, Capital and Financial Account Balances BPM6",2018Q1,Financial account,305
"Current, Capital and Financial Account Balances BPM6",2018Q1,Net Errors and omissions,-9241
"Current, Capital and Financial Account Balances BPM6",2018Q1,Direct investment,15470
"Current, Capital and Financial Account Balances BPM6",2018Q1,Portfolio investment,20655
"Current, Capital and Financial Account Balances BPM6",2018Q1,Other investment,-35824
"Current, Capital and Financial Account Balances BPM6",2018Q2,Current account,9389
"Current, Capital and Financial Account Balances BPM6",2018Q2,Capital account,59
"Current, Capital and Financial Account Balances BPM6",2018Q2,Merchandise,27912
"Current, Capital and Financial Account Balances BPM6",2018Q2,Services,1604
"Current, Capital and Financial Account Balances BPM6",2018Q2,Primary income,-19068
"Current, Capital and Financial Account Balances BPM6",2018Q2,Invisibles,-18524
"Current, Capital and Financial Account Balances BPM6",2018Q2,Secondary income,-1060
"Current, Capital and Financial Account Balances BPM6",2018Q2,Financial account,14847
"Current, Capital and Financial Account Balances BPM6",2018Q2,Net Errors and omissions,5399
"Current, Capital and Financial Account Balances BPM6",2018Q2,Direct investment,7736
"Current, Capital and Financial Account Balances BPM6",2018Q2,Portfolio investment,-15699
"Current, Capital and Financial Account Balances BPM6",2018Q2,Other investment,22818
"Current, Capital and Financial Account Balances BPM6",2018Q3,Current account,9766
"Current, Capital and Financial Account Balances BPM6",2018Q3,Capital account,63
"Current, Capital and Financial Account Balances BPM6",2018Q3,Merchandise,27126
"Current, Capital and Financial Account Balances BPM6",2018Q3,Services,2911
"Current, Capital and Financial Account Balances BPM6",2018Q3,Primary income,-19441
"Current, Capital and Financial Account Balances BPM6",2018Q3,Invisibles,-17360
"Current, Capital and Financial Account Balances BPM6",2018Q3,Secondary income,-830
"Current, Capital and Financial Account Balances BPM6",2018Q3,Financial account,5534
"Current, Capital and Financial Account Balances BPM6",2018Q3,Net Errors and omissions,-4295
"Current, Capital and Financial Account Balances BPM6",2018Q3,Direct investment,10896
"Current, Capital and Financial Account Balances BPM6",2018Q3,Portfolio investment,8067
"Current, Capital and Financial Account Balances BPM6",2018Q3,Other investment,-13626
"Current, Capital and Financial Account Balances BPM6",2018Q4,Current account,-14440
"Current, Capital and Financial Account Balances BPM6",2018Q4,Capital account,-52032
"Current, Capital and Financial Account Balances BPM6",2018Q4,Merchandise,25288
"Current, Capital and Financial Account Balances BPM6",2018Q4,Services,-16590
"Current, Capital and Financial Account Balances BPM6",2018Q4,Primary income,-22347
"Current, Capital and Financial Account Balances BPM6",2018Q4,Invisibles,-39729
"Current, Capital and Financial Account Balances BPM6",2018Q4,Secondary income,-792
"Current, Capital and Financial Account Balances BPM6",2018Q4,Financial account,-58541
"Current, Capital and Financial Account Balances BPM6",2018Q4,Net Errors and omissions,7931
"Current, Capital and Financial Account Balances BPM6",2018Q4,Direct investment,-25078
"Current, Capital and Financial Account Balances BPM6",2018Q4,Portfolio investment,26867
"Current, Capital and Financial Account Balances BPM6",2018Q4,Other investment,-60901
"Current, Capital and Financial Account Balances BPM6",2019Q1,Current account,8620
"Current, Capital and Financial Account Balances BPM6",2019Q1,Capital account,-6936
"Current, Capital and Financial Account Balances BPM6",2019Q1,Merchandise,30338
"Current, Capital and Financial Account Balances BPM6",2019Q1,Services,1646
"Current, Capital and Financial Account Balances BPM6",2019Q1,Primary income,-22020
"Current, Capital and Financial Account Balances BPM6",2019Q1,Invisibles,-21718
"Current, Capital and Financial Account Balances BPM6",2019Q1,Secondary income,-1344
"Current, Capital and Financial Account Balances BPM6",2019Q1,Financial account,14228
"Current, Capital and Financial Account Balances BPM6",2019Q1,Net Errors and omissions,12544
"Current, Capital and Financial Account Balances BPM6",2019Q1,Direct investment,8739
"Current, Capital and Financial Account Balances BPM6",2019Q1,Portfolio investment,5672
"Current, Capital and Financial Account Balances BPM6",2019Q1,Other investment,-175
"Current, Capital and Financial Account Balances BPM6",2019Q2,Current account,-34950
"Current, Capital and Financial Account Balances BPM6",2019Q2,Capital account,-17385
"Current, Capital and Financial Account Balances BPM6",2019Q2,Merchandise,26916
"Current, Capital and Financial Account Balances BPM6",2019Q2,Services,-37315
"Current, Capital and Financial Account Balances BPM6",2019Q2,Primary income,-23925
"Current, Capital and Financial Account Balances BPM6",2019Q2,Invisibles,-61866
"Current, Capital and Financial Account Balances BPM6",2019Q2,Secondary income,-626
"Current, Capital and Financial Account Balances BPM6",2019Q2,Financial account,-53802
"Current, Capital and Financial Account Balances BPM6",2019Q2,Net Errors and omissions,-1467
"Current, Capital and Financial Account Balances BPM6",2019Q2,Direct investment,-51647
"Current, Capital and Financial Account Balances BPM6",2019Q2,Portfolio investment,-16764
"Current, Capital and Financial Account Balances BPM6",2019Q2,Other investment,14493
"Current, Capital and Financial Account Balances BPM6",2019Q3,Current account,10361
"Current, Capital and Financial Account Balances BPM6",2019Q3,Capital account,-5093
"Current, Capital and Financial Account Balances BPM6",2019Q3,Merchandise,31036
"Current, Capital and Financial Account Balances BPM6",2019Q3,Services,2720
"Current, Capital and Financial Account Balances BPM6",2019Q3,Primary income,-22544
"Current, Capital and Financial Account Balances BPM6",2019Q3,Invisibles,-20674
"Current, Capital and Financial Account Balances BPM6",2019Q3,Secondary income,-850
"Current, Capital and Financial Account Balances BPM6",2019Q3,Financial account,-4922
"Current, Capital and Financial Account Balances BPM6",2019Q3,Net Errors and omissions,-10190
"Current, Capital and Financial Account Balances BPM6",2019Q3,Direct investment,-3093
"Current, Capital and Financial Account Balances BPM6",2019Q3,Portfolio investment,-7609
"Current, Capital and Financial Account Balances BPM6",2019Q3,Other investment,5636
"Current, Capital and Financial Account Balances BPM6",2019Q4,Current account,-59400
"Current, Capital and Financial Account Balances BPM6",2019Q4,Capital account,-5896
"Current, Capital and Financial Account Balances BPM6",2019Q4,Merchandise,28975
"Current, Capital and Financial Account Balances BPM6",2019Q4,Services,-66870
"Current, Capital and Financial Account Balances BPM6",2019Q4,Primary income,-20846
"Current, Capital and Financial Account Balances BPM6",2019Q4,Invisibles,-88375
"Current, Capital and Financial Account Balances BPM6",2019Q4,Secondary income,-659
"Current, Capital and Financial Account Balances BPM6",2019Q4,Financial account,-62442
"Current, Capital and Financial Account Balances BPM6",2019Q4,Net Errors and omissions,2854
"Current, Capital and Financial Account Balances BPM6",2019Q4,Direct investment,-69721
"Current, Capital and Financial Account Balances BPM6",2019Q4,Portfolio investment,31336
"Current, Capital and Financial Account Balances BPM6",2019Q4,Other investment,-24226
"Current, Capital and Financial Account Balances BPM6",2020Q1,Current account,-47277
"Current, Capital and Financial Account Balances BPM6",2020Q1,Capital account,-3061
"Current, Capital and Financial Account Balances BPM6",2020Q1,Merchandise,36197
"Current, Capital and Financial Account Balances BPM6",2020Q1,Services,-57566
"Current, Capital and Financial Account Balances BPM6",2020Q1,Primary income,-24838
"Current, Capital and Financial Account Balances BPM6",2020Q1,Invisibles,-83473
"Current, Capital and Financial Account Balances BPM6",2020Q1,Secondary income,-1069
"Current, Capital and Financial Account Balances BPM6",2020Q1,Financial account,-58695
"Current, Capital and Financial Account Balances BPM6",2020Q1,Net Errors and omissions,-8357
"Current, Capital and Financial Account Balances BPM6",2020Q1,Direct investment,-49575
"Current, Capital and Financial Account Balances BPM6",2020Q1,Portfolio investment,-82024
"Current, Capital and Financial Account Balances BPM6",2020Q1,Other investment,72766
"Current, Capital and Financial Account Balances BPM6",2020Q2,Current account,11743
"Current, Capital and Financial Account Balances BPM6",2020Q2,Capital account,-7552
"Current, Capital and Financial Account Balances BPM6",2020Q2,Merchandise,34324
"Current, Capital and Financial Account Balances BPM6",2020Q2,Services,2688
"Current, Capital and Financial Account Balances BPM6",2020Q2,Primary income,-24286
"Current, Capital and Financial Account Balances BPM6",2020Q2,Invisibles,-22580
"Current, Capital and Financial Account Balances BPM6",2020Q2,Secondary income,-982
"Current, Capital and Financial Account Balances BPM6",2020Q2,Financial account,8110
"Current, Capital and Financial Account Balances BPM6",2020Q2,Net Errors and omissions,3919
"Current, Capital and Financial Account Balances BPM6",2020Q2,Direct investment,-49604
"Current, Capital and Financial Account Balances BPM6",2020Q2,Portfolio investment,59979
"Current, Capital and Financial Account Balances BPM6",2020Q2,Other investment,-2251
"Current, Capital and Financial Account Balances BPM6",2020Q3,Current account,10883
"Current, Capital and Financial Account Balances BPM6",2020Q3,Capital account,-2080
"Current, Capital and Financial Account Balances BPM6",2020Q3,Merchandise,37523
"Current, Capital and Financial Account Balances BPM6",2020Q3,Services,4852
"Current, Capital and Financial Account Balances BPM6",2020Q3,Primary income,-30755
"Current, Capital and Financial Account Balances BPM6",2020Q3,Invisibles,-26639
"Current, Capital and Financial Account Balances BPM6",2020Q3,Secondary income,-736
"Current, Capital and Financial Account Balances BPM6",2020Q3,Financial account,3184
"Current, Capital and Financial Account Balances BPM6",2020Q3,Net Errors and omissions,-5619
"Current, Capital and Financial Account Balances BPM6",2020Q3,Direct investment,-9988
"Current, Capital and Financial Account Balances BPM6",2020Q3,Portfolio investment,-6585
"Current, Capital and Financial Account Balances BPM6",2020Q3,Other investment,18997
"Current, Capital and Financial Account Balances BPM6",2020Q4,Current account,-2373
"Current, Capital and Financial Account Balances BPM6",2020Q4,Capital account,816
"Current, Capital and Financial Account Balances BPM6",2020Q4,Merchandise,34401
"Current, Capital and Financial Account Balances BPM6",2020Q4,Services,-12852
"Current, Capital and Financial Account Balances BPM6",2020Q4,Primary income,-22877
"Current, Capital and Financial Account Balances BPM6",2020Q4,Invisibles,-36774
"Current, Capital and Financial Account Balances BPM6",2020Q4,Secondary income,-1045
"Current, Capital and Financial Account Balances BPM6",2020Q4,Financial account,4827
"Current, Capital and Financial Account Balances BPM6",2020Q4,Net Errors and omissions,6384
"Current, Capital and Financial Account Balances BPM6",2020Q4,Direct investment,4027
"Current, Capital and Financial Account Balances BPM6",2020Q4,Portfolio investment,20272
"Current, Capital and Financial Account Balances BPM6",2020Q4,Other investment,-19869
"Current, Capital and Financial Account Balances BPM6",2021Q1,Current account,15682
"Current, Capital and Financial Account Balances BPM6",2021Q1,Capital account,2974
"Current, Capital and Financial Account Balances BPM6",2021Q1,Merchandise,42172
"Current, Capital and Financial Account Balances BPM6",2021Q1,Services,9412
"Current, Capital and Financial Account Balances BPM6",2021Q1,Primary income,-34612
"Current, Capital and Financial Account Balances BPM6",2021Q1,Invisibles,-26490
"Current, Capital and Financial Account Balances BPM6",2021Q1,Secondary income,-1290
"Current, Capital and Financial Account Balances BPM6",2021Q1,Financial account,9906
"Current, Capital and Financial Account Balances BPM6",2021Q1,Net Errors and omissions,-8750
"Current, Capital and Financial Account Balances BPM6",2021Q1,Direct investment,15274
"Current, Capital and Financial Account Balances BPM6",2021Q1,Portfolio investment,16826
"Current, Capital and Financial Account Balances BPM6",2021Q1,Other investment,-22368
"Current, Capital and Financial Account Balances BPM6",2021Q2,Current account,15146
"Current, Capital and Financial Account Balances BPM6",2021Q2,Capital account,914
"Current, Capital and Financial Account Balances BPM6",2021Q2,Merchandise,39900
"Current, Capital and Financial Account Balances BPM6",2021Q2,Services,9527
"Current, Capital and Financial Account Balances BPM6",2021Q2,Primary income,-33275
"Current, Capital and Financial Account Balances BPM6",2021Q2,Invisibles,-24754
"Current, Capital and Financial Account Balances BPM6",2021Q2,Secondary income,-1006
"Current, Capital and Financial Account Balances BPM6",2021Q2,Financial account,21386
"Current, Capital and Financial Account Balances BPM6",2021Q2,Net Errors and omissions,5326
"Current, Capital and Financial Account Balances BPM6",2021Q2,Direct investment,3022
"Current, Capital and Financial Account Balances BPM6",2021Q2,Portfolio investment,-4691
"Current, Capital and Financial Account Balances BPM6",2021Q2,Other investment,22982
"Current, Capital and Financial Account Balances BPM6",2021Q3,Current account,20816
"Current, Capital and Financial Account Balances BPM6",2021Q3,Capital account,-333
"Current, Capital and Financial Account Balances BPM6",2021Q3,Merchandise,45021
"Current, Capital and Financial Account Balances BPM6",2021Q3,Services,9529
"Current, Capital and Financial Account Balances BPM6",2021Q3,Primary income,-33039
"Current, Capital and Financial Account Balances BPM6",2021Q3,Invisibles,-24205
"Current, Capital and Financial Account Balances BPM6",2021Q3,Secondary income,-695
"Current, Capital and Financial Account Balances BPM6",2021Q3,Financial account,12029
"Current, Capital and Financial Account Balances BPM6",2021Q3,Net Errors and omissions,-8454
"Current, Capital and Financial Account Balances BPM6",2021Q3,Direct investment,3382
"Current, Capital and Financial Account Balances BPM6",2021Q3,Portfolio investment,-6259
"Current, Capital and Financial Account Balances BPM6",2021Q3,Other investment,10825
"Current, Capital and Financial Account Balances BPM6",2021Q4,Current account,3004
"Current, Capital and Financial Account Balances BPM6",2021Q4,Capital account,-2053
"Current, Capital and Financial Account Balances BPM6",2021Q4,Merchandise,41322
"Current, Capital and Financial Account Balances BPM6",2021Q4,Services,-9600
"Current, Capital and Financial Account Balances BPM6",2021Q4,Primary income,-27273
"Current, Capital and Financial Account Balances BPM6",2021Q4,Invisibles,-38318
"Current, Capital and Financial Account Balances BPM6",2021Q4,Secondary income,-1445
"Current, Capital and Financial Account Balances BPM6",2021Q4,Financial account,9336
"Current, Capital and Financial Account Balances BPM6",2021Q4,Net Errors and omissions,8385
"Current, Capital and Financial Account Balances BPM6",2021Q4,Direct investment,19826
"Current, Capital and Financial Account Balances BPM6",2021Q4,Portfolio investment,-16354
"Current, Capital and Financial Account Balances BPM6",2021Q4,Other investment,5210
"Current, Capital and Financial Account Balances BPM6",2022Q1,Current account,14578
"Current, Capital and Financial Account Balances BPM6",2022Q1,Capital account,772
"Current, Capital and Financial Account Balances BPM6",2022Q1,Merchandise,46228
"Current, Capital and Financial Account Balances BPM6",2022Q1,Services,9386
"Current, Capital and Financial Account Balances BPM6",2022Q1,Primary income,-39858
"Current, Capital and Financial Account Balances BPM6",2022Q1,Invisibles,-31650
"Current, Capital and Financial Account Balances BPM6",2022Q1,Secondary income,-1178
"Current, Capital and Financial Account Balances BPM6",2022Q1,Financial account,19493
"Current, Capital and Financial Account Balances BPM6",2022Q1,Net Errors and omissions,4143
"Current, Capital and Financial Account Balances BPM6",2022Q1,Direct investment,16015
"Current, Capital and Financial Account Balances BPM6",2022Q1,Portfolio investment,-39856
"Current, Capital and Financial Account Balances BPM6",2022Q1,Other investment,43463
"Current, Capital and Financial Account Balances BPM6",2022Q2,Current account,12244
"Current, Capital and Financial Account Balances BPM6",2022Q2,Capital account,-124
"Current, Capital and Financial Account Balances BPM6",2022Q2,Merchandise,47812
"Current, Capital and Financial Account Balances BPM6",2022Q2,Services,3969
"Current, Capital and Financial Account Balances BPM6",2022Q2,Primary income,-38363
"Current, Capital and Financial Account Balances BPM6",2022Q2,Invisibles,-35568
"Current, Capital and Financial Account Balances BPM6",2022Q2,Secondary income,-1174
"Current, Capital and Financial Account Balances BPM6",2022Q2,Financial account,4048
"Current, Capital and Financial Account Balances BPM6",2022Q2,Net Errors and omissions,-8072
"Current, Capital and Financial Account Balances BPM6",2022Q2,Direct investment,22088
"Current, Capital and Financial Account Balances BPM6",2022Q2,Portfolio investment,-25022
"Current, Capital and Financial Account Balances BPM6",2022Q2,Other investment,6948
"Current, Capital and Financial Account Balances BPM6",2022Q3,Current account,10937
"Current, Capital and Financial Account Balances BPM6",2022Q3,Capital account,-878
"Current, Capital and Financial Account Balances BPM6",2022Q3,Merchandise,56515
"Current, Capital and Financial Account Balances BPM6",2022Q3,Services,1192
"Current, Capital and Financial Account Balances BPM6",2022Q3,Primary income,-45642
"Current, Capital and Financial Account Balances BPM6",2022Q3,Invisibles,-45578
"Current, Capital and Financial Account Balances BPM6",2022Q3,Secondary income,-1128
"Current, Capital and Financial Account Balances BPM6",2022Q3,Financial account,9923
"Current, Capital and Financial Account Balances BPM6",2022Q3,Net Errors and omissions,-136
"Current, Capital and Financial Account Balances BPM6",2022Q3,Direct investment,-25095
"Current, Capital and Financial Account Balances BPM6",2022Q3,Portfolio investment,-46790
"Current, Capital and Financial Account Balances BPM6",2022Q3,Other investment,81206
"Current, Capital and Financial Account Balances BPM6",2022Q4,Current account,7884
"Current, Capital and Financial Account Balances BPM6",2022Q4,Capital account,-697
"Current, Capital and Financial Account Balances BPM6",2022Q4,Merchandise,54578
"Current, Capital and Financial Account Balances BPM6",2022Q4,Services,-4849
"Current, Capital and Financial Account Balances BPM6",2022Q4,Primary income,-40621
"Current, Capital and Financial Account Balances BPM6",2022Q4,Invisibles,-46694
"Current, Capital and Financial Account Balances BPM6",2022Q4,Secondary income,-1224
"Current, Capital and Financial Account Balances BPM6",2022Q4,Financial account,10900
"Current, Capital and Financial Account Balances BPM6",2022Q4,Net Errors and omissions,3713
"Current, Capital and Financial Account Balances BPM6",2022Q4,Direct investment,11956
"Current, Capital and Financial Account Balances BPM6",2022Q4,Portfolio investment,-27127
"Current, Capital and Financial Account Balances BPM6",2022Q4,Other investment,26093
"Current, Capital and Financial Account Balances BPM6",2023Q1,Current account,11805
"Current, Capital and Financial Account Balances BPM6",2023Q1,Capital account,-437
"Current, Capital and Financial Account Balances BPM6",2023Q1,Merchandise,53764
"Current, Capital and Financial Account Balances BPM6",2023Q1,Services,1052
"Current, Capital and Financial Account Balances BPM6",2023Q1,Primary income,-41815
"Current, Capital and Financial Account Balances BPM6",2023Q1,Invisibles,-41959
"Current, Capital and Financial Account Balances BPM6",2023Q1,Secondary income,-1196
"Current, Capital and Financial Account Balances BPM6",2023Q1,Financial account,5723
"Current, Capital and Financial Account Balances BPM6",2023Q1,Net Errors and omissions,-5645
"Current, Capital and Financial Account Balances BPM6",2023Q1,Direct investment,13809
"Current, Capital and Financial Account Balances BPM6",2023Q1,Portfolio investment,-24222
"Current, Capital and Financial Account Balances BPM6",2023Q1,Other investment,16125
"Current, Capital and Financial Account Balances BPM6",2023Q2,Current account,11348
"Current, Capital and Financial Account Balances BPM6",2023Q2,Capital account,-5570
"Current, Capital and Financial Account Balances BPM6",2023Q2,Merchandise,35785
"Current, Capital and Financial Account Balances BPM6",2023Q2,Services,7184
"Current, Capital and Financial Account Balances BPM6",2023Q2,Primary income,-30460
"Current, Capital and Financial Account Balances BPM6",2023Q2,Invisibles,-24437
"Current, Capital and Financial Account Balances BPM6",2023Q2,Secondary income,-1161
"Current, Capital and Financial Account Balances BPM6",2023Q2,Financial account,3580
"Current, Capital and Financial Account Balances BPM6",2023Q2,Net Errors and omissions,-2198
"Current, Capital and Financial Account Balances BPM6",2023Q2,Direct investment,7979
"Current, Capital and Financial Account Balances BPM6",2023Q2,Portfolio investment,87024
"Current, Capital and Financial Account Balances BPM6",2023Q2,Other investment,-91396
"Current, Capital and Financial Account Balances BPM6",2023Q3,Current account,18629
"Current, Capital and Financial Account Balances BPM6",2023Q3,Capital account,-1683
"Current, Capital and Financial Account Balances BPM6",2023Q3,Merchandise,36843
"Current, Capital and Financial Account Balances BPM6",2023Q3,Services,10763
"Current, Capital and Financial Account Balances BPM6",2023Q3,Primary income,-27863
"Current, Capital and Financial Account Balances BPM6",2023Q3,Invisibles,-18213
"Current, Capital and Financial Account Balances BPM6",2023Q3,Secondary income,-1113
"Current, Capital and Financial Account Balances BPM6",2023Q3,Financial account,18387
"Current, Capital and Financial Account Balances BPM6",2023Q3,Net Errors and omissions,1441
"Current, Capital and Financial Account Balances BPM6",2023Q3,Direct investment,-20573
"Current, Capital and Financial Account Balances BPM6",2023Q3,Portfolio investment,44828
"Current, Capital and Financial Account Balances BPM6",2023Q3,Other investment,-5339
"Current, Capital and Financial Account Balances BPM6",2023Q4,Current account,-520
"Current, Capital and Financial Account Balances BPM6",2023Q4,Capital account,-973
"Current, Capital and Financial Account Balances BPM6",2023Q4,Merchandise,29667
"Current, Capital and Financial Account Balances BPM6",2023Q4,Services,-7280
"Current, Capital and Financial Account Balances BPM6",2023Q4,Primary income,-21524
"Current, Capital and Financial Account Balances BPM6",2023Q4,Invisibles,-30186
"Current, Capital and Financial Account Balances BPM6",2023Q4,Secondary income,-1382
"Current, Capital and Financial Account Balances BPM6",2023Q4,Financial account,9229
"Current, Capital and Financial Account Balances BPM6",2023Q4,Net Errors and omissions,10722
"Current, Capital and Financial Account Balances BPM6",2023Q4,Direct investment,11704
"Current, Capital and Financial Account Balances BPM6",2023Q4,Portfolio investment,-9079
"Current, Capital and Financial Account Balances BPM6",2023Q4,Other investment,6498
"Current, Capital and Financial Account Balances BPM6",2024Q1,Current account,14891
"Current, Capital and Financial Account Balances BPM6",2024Q1,Capital account,-12999
"Current, Capital and Financial Account Balances BPM6",2024Q1,Merchandise,38814
"Current, Capital and Financial Account Balances BPM6",2024Q1,Services,9294
"Current, Capital and Financial Account Balances BPM6",2024Q1,Primary income,-32043
"Current, Capital and Financial Account Balances BPM6",2024Q1,Invisibles,-23923
"Current, Capital and Financial Account Balances BPM6",2024Q1,Secondary income,-1174
"Current, Capital and Financial Account Balances BPM6",2024Q1,Financial account,10789
"Current, Capital and Financial Account Balances BPM6",2024Q1,Net Errors and omissions,8897
"Current, Capital and Financial Account Balances BPM6",2024Q1,Direct investment,14211
"Current, Capital and Financial Account Balances BPM6",2024Q1,Portfolio investment,33405
"Current, Capital and Financial Account Balances BPM6",2024Q1,Other investment,-36741
