Statistic,Quarter,Business.of.Owner,value
Tonne-Kilometre,2009Q1,All business activities,3519
Tonne-Kilometre,2009Q1,Transport,2116
Tonne-Kilometre,2009Q1,Other,1403
Tonne-Kilometre,2009Q2,All business activities,2900
Tonne-Kilometre,2009Q2,Transport,1785
Tonne-Kilometre,2009Q2,Other,1114
Tonne-Kilometre,2009Q3,All business activities,2666
Tonne-Kilometre,2009Q3,Transport,1510
Tonne-Kilometre,2009Q3,Other,1156
Tonne-Kilometre,2009Q4,All business activities,2985
Tonne-Kilometre,2009Q4,Transport,1853
Tonne-Kilometre,2009Q4,Other,1132
Tonne-Kilometre,2010Q1,All business activities,2705
Tonne-Kilometre,2010Q1,Transport,1613
Tonne-Kilometre,2010Q1,Other,1091
Tonne-Kilometre,2010Q2,All business activities,3006
Tonne-Kilometre,2010Q2,Transport,1814
Tonne-Kilometre,2010Q2,Other,1192
Tonne-Kilometre,2010Q3,All business activities,2727
Tonne-Kilometre,2010Q3,Transport,1722
Tonne-Kilometre,2010Q3,Other,1004
Tonne-Kilometre,2010Q4,All business activities,2487
Tonne-Kilometre,2010Q4,Transport,1591
Tonne-Kilometre,2010Q4,Other,896
Tonne-Kilometre,2011Q1,All business activities,2589
Tonne-Kilometre,2011Q1,Transport,1722
Tonne-Kilometre,2011Q1,Other,867
Tonne-Kilometre,2011Q2,All business activities,2620
Tonne-Kilometre,2011Q2,Transport,1691
Tonne-Kilometre,2011Q2,Other,929
Tonne-Kilometre,2011Q3,All business activities,2572
Tonne-Kilometre,2011Q3,Transport,1809
Tonne-Kilometre,2011Q3,Other,763
Tonne-Kilometre,2011Q4,All business activities,2160
Tonne-Kilometre,2011Q4,Transport,1391
Tonne-Kilometre,2011Q4,Other,769
Tonne-Kilometre,2012Q1,All business activities,2627
Tonne-Kilometre,2012Q1,Transport,1850
Tonne-Kilometre,2012Q1,Other,776
Tonne-Kilometre,2012Q2,All business activities,2571
Tonne-Kilometre,2012Q2,Transport,1796
Tonne-Kilometre,2012Q2,Other,775
Tonne-Kilometre,2012Q3,All business activities,2480
Tonne-Kilometre,2012Q3,Transport,1718
Tonne-Kilometre,2012Q3,Other,762
Tonne-Kilometre,2012Q4,All business activities,2218
Tonne-Kilometre,2012Q4,Transport,1498
Tonne-Kilometre,2012Q4,Other,720
Tonne-Kilometre,2013Q1,All business activities,2293
Tonne-Kilometre,2013Q1,Transport,1618
Tonne-Kilometre,2013Q1,Other,675
Tonne-Kilometre,2013Q2,All business activities,2552
Tonne-Kilometre,2013Q2,Transport,1710
Tonne-Kilometre,2013Q2,Other,843
Tonne-Kilometre,2013Q3,All business activities,2342
Tonne-Kilometre,2013Q3,Transport,1654
Tonne-Kilometre,2013Q3,Other,688
Tonne-Kilometre,2013Q4,All business activities,1950
Tonne-Kilometre,2013Q4,Transport,1365
Tonne-Kilometre,2013Q4,Other,585
Tonne-Kilometre,2014Q1,All business activities,2676
Tonne-Kilometre,2014Q1,Transport,1937
Tonne-Kilometre,2014Q1,Other,739
Tonne-Kilometre,2014Q2,All business activities,2482
Tonne-Kilometre,2014Q2,Transport,1774
Tonne-Kilometre,2014Q2,Other,709
Tonne-Kilometre,2014Q3,All business activities,2414
Tonne-Kilometre,2014Q3,Transport,1721
Tonne-Kilometre,2014Q3,Other,692
Tonne-Kilometre,2014Q4,All business activities,2200
Tonne-Kilometre,2014Q4,Transport,1537
Tonne-Kilometre,2014Q4,Other,663
Tonne-Kilometre,2015Q1,All business activities,2305
Tonne-Kilometre,2015Q1,Transport,1574
Tonne-Kilometre,2015Q1,Other,730
Tonne-Kilometre,2015Q2,All business activities,2535
Tonne-Kilometre,2015Q2,Transport,1798
Tonne-Kilometre,2015Q2,Other,737
Tonne-Kilometre,2015Q3,All business activities,2570
Tonne-Kilometre,2015Q3,Transport,1809
Tonne-Kilometre,2015Q3,Other,761
Tonne-Kilometre,2015Q4,All business activities,2435
Tonne-Kilometre,2015Q4,Transport,1682
Tonne-Kilometre,2015Q4,Other,753
Tonne-Kilometre,2016Q1,All business activities,2729
Tonne-Kilometre,2016Q1,Transport,1985
Tonne-Kilometre,2016Q1,Other,743
Tonne-Kilometre,2016Q2,All business activities,2884
Tonne-Kilometre,2016Q2,Transport,2195
Tonne-Kilometre,2016Q2,Other,690
Tonne-Kilometre,2016Q3,All business activities,2896
Tonne-Kilometre,2016Q3,Transport,2109
Tonne-Kilometre,2016Q3,Other,786
Tonne-Kilometre,2016Q4,All business activities,3055
Tonne-Kilometre,2016Q4,Transport,2125
Tonne-Kilometre,2016Q4,Other,930
Tonne-Kilometre,2017Q1,All business activities,2754
Tonne-Kilometre,2017Q1,Transport,1968
Tonne-Kilometre,2017Q1,Other,786
Tonne-Kilometre,2017Q2,All business activities,2962
Tonne-Kilometre,2017Q2,Transport,2117
Tonne-Kilometre,2017Q2,Other,845
Tonne-Kilometre,2017Q3,All business activities,3051
Tonne-Kilometre,2017Q3,Transport,2114
Tonne-Kilometre,2017Q3,Other,937
Tonne-Kilometre,2017Q4,All business activities,2992
Tonne-Kilometre,2017Q4,Transport,2119
Tonne-Kilometre,2017Q4,Other,873
Tonne-Kilometre,2018Q1,All business activities,2764
Tonne-Kilometre,2018Q1,Transport,1778
Tonne-Kilometre,2018Q1,Other,986
Tonne-Kilometre,2018Q2,All business activities,3114
Tonne-Kilometre,2018Q2,Transport,2208
Tonne-Kilometre,2018Q2,Other,906
Tonne-Kilometre,2018Q3,All business activities,2949
Tonne-Kilometre,2018Q3,Transport,2048
Tonne-Kilometre,2018Q3,Other,901
Tonne-Kilometre,2018Q4,All business activities,2710
Tonne-Kilometre,2018Q4,Transport,1936
Tonne-Kilometre,2018Q4,Other,774
Tonne-Kilometre,2019Q1,All business activities,2890
Tonne-Kilometre,2019Q1,Transport,2031
Tonne-Kilometre,2019Q1,Other,859
Tonne-Kilometre,2019Q2,All business activities,3136
Tonne-Kilometre,2019Q2,Transport,2216
Tonne-Kilometre,2019Q2,Other,920
Tonne-Kilometre,2019Q3,All business activities,3277
Tonne-Kilometre,2019Q3,Transport,2272
Tonne-Kilometre,2019Q3,Other,1005
Tonne-Kilometre,2019Q4,All business activities,3100
Tonne-Kilometre,2019Q4,Transport,2058
Tonne-Kilometre,2019Q4,Other,1042
Tonne-Kilometre,2020Q1,All business activities,2873
Tonne-Kilometre,2020Q1,Transport,1998
Tonne-Kilometre,2020Q1,Other,875
Tonne-Kilometre,2020Q2,All business activities,2406
Tonne-Kilometre,2020Q2,Transport,1640
Tonne-Kilometre,2020Q2,Other,766
Tonne-Kilometre,2020Q3,All business activities,3110
Tonne-Kilometre,2020Q3,Transport,2136
Tonne-Kilometre,2020Q3,Other,973
Tonne-Kilometre,2020Q4,All business activities,2994
Tonne-Kilometre,2020Q4,Transport,2009
Tonne-Kilometre,2020Q4,Other,986
Tonne-Kilometre,2021Q1,All business activities,2852
Tonne-Kilometre,2021Q1,Transport,1878
Tonne-Kilometre,2021Q1,Other,973
Tonne-Kilometre,2021Q2,All business activities,3225
Tonne-Kilometre,2021Q2,Transport,2228
Tonne-Kilometre,2021Q2,Other,998
Tonne-Kilometre,2021Q3,All business activities,3326
Tonne-Kilometre,2021Q3,Transport,2303
Tonne-Kilometre,2021Q3,Other,1023
Tonne-Kilometre,2021Q4,All business activities,3082
Tonne-Kilometre,2021Q4,Transport,2179
Tonne-Kilometre,2021Q4,Other,903
Tonne-Kilometre,2022Q1,All business activities,3048
Tonne-Kilometre,2022Q1,Transport,2032
Tonne-Kilometre,2022Q1,Other,1016
Tonne-Kilometre,2022Q2,All business activities,3364
Tonne-Kilometre,2022Q2,Transport,2358
Tonne-Kilometre,2022Q2,Other,1006
Tonne-Kilometre,2022Q3,All business activities,2969
Tonne-Kilometre,2022Q3,Transport,2084
Tonne-Kilometre,2022Q3,Other,885
Tonne-Kilometre,2022Q4,All business activities,2998
Tonne-Kilometre,2022Q4,Transport,2113
Tonne-Kilometre,2022Q4,Other,885
Tonne-Kilometre,2023Q1,All business activities,3082
Tonne-Kilometre,2023Q1,Transport,2024
Tonne-Kilometre,2023Q1,Other,1059
Tonne-Kilometre,2023Q2,All business activities,3278
Tonne-Kilometre,2023Q2,Transport,2353
Tonne-Kilometre,2023Q2,Other,925
Tonne-Kilometre,2023Q3,All business activities,3225
Tonne-Kilometre,2023Q3,Transport,2244
Tonne-Kilometre,2023Q3,Other,981
Tonne-Kilometre,2023Q4,All business activities,3010
Tonne-Kilometre,2023Q4,Transport,2093
Tonne-Kilometre,2023Q4,Other,917
Tonne-Kilometre,2024Q1,All business activities,3452
Tonne-Kilometre,2024Q1,Transport,2373
Tonne-Kilometre,2024Q1,Other,1079
Tonne-Kilometre,2024Q2,All business activities,3511
Tonne-Kilometre,2024Q2,Transport,2436
Tonne-Kilometre,2024Q2,Other,1075
Tonnes Carried,2009Q1,All business activities,42164
Tonnes Carried,2009Q1,Transport,19878
Tonnes Carried,2009Q1,Other,22285
Tonnes Carried,2009Q2,All business activities,37377
Tonnes Carried,2009Q2,Transport,16555
Tonnes Carried,2009Q2,Other,20822
Tonnes Carried,2009Q3,All business activities,35612
Tonnes Carried,2009Q3,Transport,15015
Tonnes Carried,2009Q3,Other,20598
Tonnes Carried,2009Q4,All business activities,33161
Tonnes Carried,2009Q4,Transport,15028
Tonnes Carried,2009Q4,Other,18133
Tonnes Carried,2010Q1,All business activities,31746
Tonnes Carried,2010Q1,Transport,14946
Tonnes Carried,2010Q1,Other,16800
Tonnes Carried,2010Q2,All business activities,34782
Tonnes Carried,2010Q2,Transport,15897
Tonnes Carried,2010Q2,Other,18884
Tonnes Carried,2010Q3,All business activities,31635
Tonnes Carried,2010Q3,Transport,14317
Tonnes Carried,2010Q3,Other,17318
Tonnes Carried,2010Q4,All business activities,27703
Tonnes Carried,2010Q4,Transport,13678
Tonnes Carried,2010Q4,Other,14024
Tonnes Carried,2011Q1,All business activities,26243
Tonnes Carried,2011Q1,Transport,12988
Tonnes Carried,2011Q1,Other,13255
Tonnes Carried,2011Q2,All business activities,28494
Tonnes Carried,2011Q2,Transport,13613
Tonnes Carried,2011Q2,Other,14881
Tonnes Carried,2011Q3,All business activities,30064
Tonnes Carried,2011Q3,Transport,15846
Tonnes Carried,2011Q3,Other,14219
Tonnes Carried,2011Q4,All business activities,25459
Tonnes Carried,2011Q4,Transport,12393
Tonnes Carried,2011Q4,Other,13066
Tonnes Carried,2012Q1,All business activities,26750
Tonnes Carried,2012Q1,Transport,14735
Tonnes Carried,2012Q1,Other,12015
Tonnes Carried,2012Q2,All business activities,27598
Tonnes Carried,2012Q2,Transport,14737
Tonnes Carried,2012Q2,Other,12861
Tonnes Carried,2012Q3,All business activities,28603
Tonnes Carried,2012Q3,Transport,15234
Tonnes Carried,2012Q3,Other,13369
Tonnes Carried,2012Q4,All business activities,25126
Tonnes Carried,2012Q4,Transport,13630
Tonnes Carried,2012Q4,Other,11496
Tonnes Carried,2013Q1,All business activities,25739
Tonnes Carried,2013Q1,Transport,14990
Tonnes Carried,2013Q1,Other,10749
Tonnes Carried,2013Q2,All business activities,30802
Tonnes Carried,2013Q2,Transport,16508
Tonnes Carried,2013Q2,Other,14294
Tonnes Carried,2013Q3,All business activities,29498
Tonnes Carried,2013Q3,Transport,16577
Tonnes Carried,2013Q3,Other,12920
Tonnes Carried,2013Q4,All business activities,22792
Tonnes Carried,2013Q4,Transport,12823
Tonnes Carried,2013Q4,Other,9970
Tonnes Carried,2014Q1,All business activities,29303
Tonnes Carried,2014Q1,Transport,17093
Tonnes Carried,2014Q1,Other,12210
Tonnes Carried,2014Q2,All business activities,28353
Tonnes Carried,2014Q2,Transport,16262
Tonnes Carried,2014Q2,Other,12092
Tonnes Carried,2014Q3,All business activities,28831
Tonnes Carried,2014Q3,Transport,16831
Tonnes Carried,2014Q3,Other,12000
Tonnes Carried,2014Q4,All business activities,26012
Tonnes Carried,2014Q4,Transport,15054
Tonnes Carried,2014Q4,Other,10958
Tonnes Carried,2015Q1,All business activities,27041
Tonnes Carried,2015Q1,Transport,14177
Tonnes Carried,2015Q1,Other,12864
Tonnes Carried,2015Q2,All business activities,29570
Tonnes Carried,2015Q2,Transport,17523
Tonnes Carried,2015Q2,Other,12047
Tonnes Carried,2015Q3,All business activities,31810
Tonnes Carried,2015Q3,Transport,18207
Tonnes Carried,2015Q3,Other,13602
Tonnes Carried,2015Q4,All business activities,29637
Tonnes Carried,2015Q4,Transport,17066
Tonnes Carried,2015Q4,Other,12572
Tonnes Carried,2016Q1,All business activities,33008
Tonnes Carried,2016Q1,Transport,19278
Tonnes Carried,2016Q1,Other,13730
Tonnes Carried,2016Q2,All business activities,35494
Tonnes Carried,2016Q2,Transport,22273
Tonnes Carried,2016Q2,Other,13221
Tonnes Carried,2016Q3,All business activities,35882
Tonnes Carried,2016Q3,Transport,22510
Tonnes Carried,2016Q3,Other,13372
Tonnes Carried,2016Q4,All business activities,37286
Tonnes Carried,2016Q4,Transport,22909
Tonnes Carried,2016Q4,Other,14377
Tonnes Carried,2017Q1,All business activities,34946
Tonnes Carried,2017Q1,Transport,20863
Tonnes Carried,2017Q1,Other,14083
Tonnes Carried,2017Q2,All business activities,39611
Tonnes Carried,2017Q2,Transport,22685
Tonnes Carried,2017Q2,Other,16926
Tonnes Carried,2017Q3,All business activities,37050
Tonnes Carried,2017Q3,Transport,21329
Tonnes Carried,2017Q3,Other,15720
Tonnes Carried,2017Q4,All business activities,35622
Tonnes Carried,2017Q4,Transport,19680
Tonnes Carried,2017Q4,Other,15943
Tonnes Carried,2018Q1,All business activities,35589
Tonnes Carried,2018Q1,Transport,18732
Tonnes Carried,2018Q1,Other,16857
Tonnes Carried,2018Q2,All business activities,40325
Tonnes Carried,2018Q2,Transport,22169
Tonnes Carried,2018Q2,Other,18156
Tonnes Carried,2018Q3,All business activities,40983
Tonnes Carried,2018Q3,Transport,22939
Tonnes Carried,2018Q3,Other,18044
Tonnes Carried,2018Q4,All business activities,33138
Tonnes Carried,2018Q4,Transport,18822
Tonnes Carried,2018Q4,Other,14316
Tonnes Carried,2019Q1,All business activities,36579
Tonnes Carried,2019Q1,Transport,21299
Tonnes Carried,2019Q1,Other,15280
Tonnes Carried,2019Q2,All business activities,42782
Tonnes Carried,2019Q2,Transport,23922
Tonnes Carried,2019Q2,Other,18861
Tonnes Carried,2019Q3,All business activities,42061
Tonnes Carried,2019Q3,Transport,23838
Tonnes Carried,2019Q3,Other,18223
Tonnes Carried,2019Q4,All business activities,37992
Tonnes Carried,2019Q4,Transport,20284
Tonnes Carried,2019Q4,Other,17707
Tonnes Carried,2020Q1,All business activities,36596
Tonnes Carried,2020Q1,Transport,20998
Tonnes Carried,2020Q1,Other,15598
Tonnes Carried,2020Q2,All business activities,30034
Tonnes Carried,2020Q2,Transport,16110
Tonnes Carried,2020Q2,Other,13924
Tonnes Carried,2020Q3,All business activities,39771
Tonnes Carried,2020Q3,Transport,20904
Tonnes Carried,2020Q3,Other,18867
Tonnes Carried,2020Q4,All business activities,34597
Tonnes Carried,2020Q4,Transport,18350
Tonnes Carried,2020Q4,Other,16247
Tonnes Carried,2021Q1,All business activities,34343
Tonnes Carried,2021Q1,Transport,18815
Tonnes Carried,2021Q1,Other,15528
Tonnes Carried,2021Q2,All business activities,39974
Tonnes Carried,2021Q2,Transport,21971
Tonnes Carried,2021Q2,Other,18003
Tonnes Carried,2021Q3,All business activities,43184
Tonnes Carried,2021Q3,Transport,25502
Tonnes Carried,2021Q3,Other,17683
Tonnes Carried,2021Q4,All business activities,37399
Tonnes Carried,2021Q4,Transport,21446
Tonnes Carried,2021Q4,Other,15953
Tonnes Carried,2022Q1,All business activities,40764
Tonnes Carried,2022Q1,Transport,22176
Tonnes Carried,2022Q1,Other,18588
Tonnes Carried,2022Q2,All business activities,40875
Tonnes Carried,2022Q2,Transport,21346
Tonnes Carried,2022Q2,Other,19529
Tonnes Carried,2022Q3,All business activities,43366
Tonnes Carried,2022Q3,Transport,25267
Tonnes Carried,2022Q3,Other,18099
Tonnes Carried,2022Q4,All business activities,39180
Tonnes Carried,2022Q4,Transport,22522
Tonnes Carried,2022Q4,Other,16658
Tonnes Carried,2023Q1,All business activities,41766
Tonnes Carried,2023Q1,Transport,22613
Tonnes Carried,2023Q1,Other,19153
Tonnes Carried,2023Q2,All business activities,45703
Tonnes Carried,2023Q2,Transport,27094
Tonnes Carried,2023Q2,Other,18609
Tonnes Carried,2023Q3,All business activities,40639
Tonnes Carried,2023Q3,Transport,23195
Tonnes Carried,2023Q3,Other,17443
Tonnes Carried,2023Q4,All business activities,37056
Tonnes Carried,2023Q4,Transport,19758
Tonnes Carried,2023Q4,Other,17298
Tonnes Carried,2024Q1,All business activities,44724
Tonnes Carried,2024Q1,Transport,24117
Tonnes Carried,2024Q1,Other,20607
Tonnes Carried,2024Q2,All business activities,42931
Tonnes Carried,2024Q2,Transport,23457
Tonnes Carried,2024Q2,Other,19474
Laden Journeys,2009Q1,All business activities,3618
Laden Journeys,2009Q1,Transport,1115
Laden Journeys,2009Q1,Other,2503
Laden Journeys,2009Q2,All business activities,3128
Laden Journeys,2009Q2,Transport,960
Laden Journeys,2009Q2,Other,2168
Laden Journeys,2009Q3,All business activities,2934
Laden Journeys,2009Q3,Transport,844
Laden Journeys,2009Q3,Other,2090
Laden Journeys,2009Q4,All business activities,2974
Laden Journeys,2009Q4,Transport,882
Laden Journeys,2009Q4,Other,2092
Laden Journeys,2010Q1,All business activities,2774
Laden Journeys,2010Q1,Transport,865
Laden Journeys,2010Q1,Other,1909
Laden Journeys,2010Q2,All business activities,3101
Laden Journeys,2010Q2,Transport,926
Laden Journeys,2010Q2,Other,2175
Laden Journeys,2010Q3,All business activities,2821
Laden Journeys,2010Q3,Transport,851
Laden Journeys,2010Q3,Other,1970
Laden Journeys,2010Q4,All business activities,2481
Laden Journeys,2010Q4,Transport,795
Laden Journeys,2010Q4,Other,1686
Laden Journeys,2011Q1,All business activities,2378
Laden Journeys,2011Q1,Transport,806
Laden Journeys,2011Q1,Other,1572
Laden Journeys,2011Q2,All business activities,2710
Laden Journeys,2011Q2,Transport,889
Laden Journeys,2011Q2,Other,1822
Laden Journeys,2011Q3,All business activities,2667
Laden Journeys,2011Q3,Transport,938
Laden Journeys,2011Q3,Other,1729
Laden Journeys,2011Q4,All business activities,2413
Laden Journeys,2011Q4,Transport,823
Laden Journeys,2011Q4,Other,1591
Laden Journeys,2012Q1,All business activities,2516
Laden Journeys,2012Q1,Transport,942
Laden Journeys,2012Q1,Other,1575
Laden Journeys,2012Q2,All business activities,2670
Laden Journeys,2012Q2,Transport,881
Laden Journeys,2012Q2,Other,1789
Laden Journeys,2012Q3,All business activities,2515
Laden Journeys,2012Q3,Transport,915
Laden Journeys,2012Q3,Other,1600
Laden Journeys,2012Q4,All business activities,2355
Laden Journeys,2012Q4,Transport,794
Laden Journeys,2012Q4,Other,1561
Laden Journeys,2013Q1,All business activities,2499
Laden Journeys,2013Q1,Transport,934
Laden Journeys,2013Q1,Other,1565
Laden Journeys,2013Q2,All business activities,2737
Laden Journeys,2013Q2,Transport,946
Laden Journeys,2013Q2,Other,1791
Laden Journeys,2013Q3,All business activities,2600
Laden Journeys,2013Q3,Transport,1027
Laden Journeys,2013Q3,Other,1573
Laden Journeys,2013Q4,All business activities,2089
Laden Journeys,2013Q4,Transport,742
Laden Journeys,2013Q4,Other,1347
Laden Journeys,2014Q1,All business activities,2661
Laden Journeys,2014Q1,Transport,1078
Laden Journeys,2014Q1,Other,1583
Laden Journeys,2014Q2,All business activities,2517
Laden Journeys,2014Q2,Transport,995
Laden Journeys,2014Q2,Other,1522
Laden Journeys,2014Q3,All business activities,2541
Laden Journeys,2014Q3,Transport,965
Laden Journeys,2014Q3,Other,1576
Laden Journeys,2014Q4,All business activities,2376
Laden Journeys,2014Q4,Transport,909
Laden Journeys,2014Q4,Other,1467
Laden Journeys,2015Q1,All business activities,2444
Laden Journeys,2015Q1,Transport,880
Laden Journeys,2015Q1,Other,1564
Laden Journeys,2015Q2,All business activities,2568
Laden Journeys,2015Q2,Transport,1042
Laden Journeys,2015Q2,Other,1526
Laden Journeys,2015Q3,All business activities,2754
Laden Journeys,2015Q3,Transport,1096
Laden Journeys,2015Q3,Other,1657
Laden Journeys,2015Q4,All business activities,2513
Laden Journeys,2015Q4,Transport,976
Laden Journeys,2015Q4,Other,1537
Laden Journeys,2016Q1,All business activities,3003
Laden Journeys,2016Q1,Transport,1173
Laden Journeys,2016Q1,Other,1831
Laden Journeys,2016Q2,All business activities,3006
Laden Journeys,2016Q2,Transport,1302
Laden Journeys,2016Q2,Other,1704
Laden Journeys,2016Q3,All business activities,3050
Laden Journeys,2016Q3,Transport,1328
Laden Journeys,2016Q3,Other,1723
Laden Journeys,2016Q4,All business activities,3031
Laden Journeys,2016Q4,Transport,1361
Laden Journeys,2016Q4,Other,1670
Laden Journeys,2017Q1,All business activities,3044
Laden Journeys,2017Q1,Transport,1273
Laden Journeys,2017Q1,Other,1771
Laden Journeys,2017Q2,All business activities,3353
Laden Journeys,2017Q2,Transport,1319
Laden Journeys,2017Q2,Other,2033
Laden Journeys,2017Q3,All business activities,3234
Laden Journeys,2017Q3,Transport,1275
Laden Journeys,2017Q3,Other,1959
Laden Journeys,2017Q4,All business activities,3195
Laden Journeys,2017Q4,Transport,1180
Laden Journeys,2017Q4,Other,2015
Laden Journeys,2018Q1,All business activities,3252
Laden Journeys,2018Q1,Transport,1219
Laden Journeys,2018Q1,Other,2032
Laden Journeys,2018Q2,All business activities,3510
Laden Journeys,2018Q2,Transport,1324
Laden Journeys,2018Q2,Other,2185
Laden Journeys,2018Q3,All business activities,3501
Laden Journeys,2018Q3,Transport,1348
Laden Journeys,2018Q3,Other,2152
Laden Journeys,2018Q4,All business activities,3098
Laden Journeys,2018Q4,Transport,1134
Laden Journeys,2018Q4,Other,1964
Laden Journeys,2019Q1,All business activities,3488
Laden Journeys,2019Q1,Transport,1420
Laden Journeys,2019Q1,Other,2068
Laden Journeys,2019Q2,All business activities,3966
Laden Journeys,2019Q2,Transport,1423
Laden Journeys,2019Q2,Other,2543
Laden Journeys,2019Q3,All business activities,3711
Laden Journeys,2019Q3,Transport,1554
Laden Journeys,2019Q3,Other,2156
Laden Journeys,2019Q4,All business activities,3315
Laden Journeys,2019Q4,Transport,1171
Laden Journeys,2019Q4,Other,2144
Laden Journeys,2020Q1,All business activities,3254
Laden Journeys,2020Q1,Transport,1234
Laden Journeys,2020Q1,Other,2020
Laden Journeys,2020Q2,All business activities,2403
Laden Journeys,2020Q2,Transport,898
Laden Journeys,2020Q2,Other,1505
Laden Journeys,2020Q3,All business activities,3306
Laden Journeys,2020Q3,Transport,1285
Laden Journeys,2020Q3,Other,2021
Laden Journeys,2020Q4,All business activities,2812
Laden Journeys,2020Q4,Transport,1058
Laden Journeys,2020Q4,Other,1753
Laden Journeys,2021Q1,All business activities,3242
Laden Journeys,2021Q1,Transport,1143
Laden Journeys,2021Q1,Other,2099
Laden Journeys,2021Q2,All business activities,3191
Laden Journeys,2021Q2,Transport,1272
Laden Journeys,2021Q2,Other,1919
Laden Journeys,2021Q3,All business activities,3601
Laden Journeys,2021Q3,Transport,1455
Laden Journeys,2021Q3,Other,2146
Laden Journeys,2021Q4,All business activities,3058
Laden Journeys,2021Q4,Transport,1249
Laden Journeys,2021Q4,Other,1809
Laden Journeys,2022Q1,All business activities,3539
Laden Journeys,2022Q1,Transport,1341
Laden Journeys,2022Q1,Other,2198
Laden Journeys,2022Q2,All business activities,3516
Laden Journeys,2022Q2,Transport,1235
Laden Journeys,2022Q2,Other,2281
Laden Journeys,2022Q3,All business activities,3344
Laden Journeys,2022Q3,Transport,1438
Laden Journeys,2022Q3,Other,1906
Laden Journeys,2022Q4,All business activities,3415
Laden Journeys,2022Q4,Transport,1349
Laden Journeys,2022Q4,Other,2067
Laden Journeys,2023Q1,All business activities,3612
Laden Journeys,2023Q1,Transport,1374
Laden Journeys,2023Q1,Other,2239
Laden Journeys,2023Q2,All business activities,3539
Laden Journeys,2023Q2,Transport,1495
Laden Journeys,2023Q2,Other,2045
Laden Journeys,2023Q3,All business activities,3628
Laden Journeys,2023Q3,Transport,1453
Laden Journeys,2023Q3,Other,2175
Laden Journeys,2023Q4,All business activities,3979
Laden Journeys,2023Q4,Transport,1417
Laden Journeys,2023Q4,Other,2562
Laden Journeys,2024Q1,All business activities,4207
Laden Journeys,2024Q1,Transport,1539
Laden Journeys,2024Q1,Other,2668
Laden Journeys,2024Q2,All business activities,3689
Laden Journeys,2024Q2,Transport,1519
Laden Journeys,2024Q2,Other,2171
All Vehicle Kilometres,2009Q1,All business activities,433
All Vehicle Kilometres,2009Q1,Transport,179
All Vehicle Kilometres,2009Q1,Other,255
All Vehicle Kilometres,2009Q2,All business activities,379
All Vehicle Kilometres,2009Q2,Transport,160
All Vehicle Kilometres,2009Q2,Other,219
All Vehicle Kilometres,2009Q3,All business activities,360
All Vehicle Kilometres,2009Q3,Transport,139
All Vehicle Kilometres,2009Q3,Other,221
All Vehicle Kilometres,2009Q4,All business activities,411
All Vehicle Kilometres,2009Q4,Transport,175
All Vehicle Kilometres,2009Q4,Other,236
All Vehicle Kilometres,2010Q1,All business activities,363
All Vehicle Kilometres,2010Q1,Transport,149
All Vehicle Kilometres,2010Q1,Other,214
All Vehicle Kilometres,2010Q2,All business activities,400
All Vehicle Kilometres,2010Q2,Transport,164
All Vehicle Kilometres,2010Q2,Other,236
All Vehicle Kilometres,2010Q3,All business activities,366
All Vehicle Kilometres,2010Q3,Transport,161
All Vehicle Kilometres,2010Q3,Other,205
All Vehicle Kilometres,2010Q4,All business activities,329
All Vehicle Kilometres,2010Q4,Transport,150
All Vehicle Kilometres,2010Q4,Other,179
All Vehicle Kilometres,2011Q1,All business activities,330
All Vehicle Kilometres,2011Q1,Transport,161
All Vehicle Kilometres,2011Q1,Other,169
All Vehicle Kilometres,2011Q2,All business activities,363
All Vehicle Kilometres,2011Q2,Transport,166
All Vehicle Kilometres,2011Q2,Other,197
All Vehicle Kilometres,2011Q3,All business activities,340
All Vehicle Kilometres,2011Q3,Transport,170
All Vehicle Kilometres,2011Q3,Other,170
All Vehicle Kilometres,2011Q4,All business activities,304
All Vehicle Kilometres,2011Q4,Transport,141
All Vehicle Kilometres,2011Q4,Other,163
All Vehicle Kilometres,2012Q1,All business activities,350
All Vehicle Kilometres,2012Q1,Transport,177
All Vehicle Kilometres,2012Q1,Other,173
All Vehicle Kilometres,2012Q2,All business activities,330
All Vehicle Kilometres,2012Q2,Transport,161
All Vehicle Kilometres,2012Q2,Other,169
All Vehicle Kilometres,2012Q3,All business activities,334
All Vehicle Kilometres,2012Q3,Transport,164
All Vehicle Kilometres,2012Q3,Other,170
All Vehicle Kilometres,2012Q4,All business activities,303
All Vehicle Kilometres,2012Q4,Transport,141
All Vehicle Kilometres,2012Q4,Other,162
All Vehicle Kilometres,2013Q1,All business activities,318
All Vehicle Kilometres,2013Q1,Transport,157
All Vehicle Kilometres,2013Q1,Other,162
All Vehicle Kilometres,2013Q2,All business activities,338
All Vehicle Kilometres,2013Q2,Transport,156
All Vehicle Kilometres,2013Q2,Other,181
All Vehicle Kilometres,2013Q3,All business activities,330
All Vehicle Kilometres,2013Q3,Transport,171
All Vehicle Kilometres,2013Q3,Other,159
All Vehicle Kilometres,2013Q4,All business activities,276
All Vehicle Kilometres,2013Q4,Transport,134
All Vehicle Kilometres,2013Q4,Other,141
All Vehicle Kilometres,2014Q1,All business activities,347
All Vehicle Kilometres,2014Q1,Transport,186
All Vehicle Kilometres,2014Q1,Other,161
All Vehicle Kilometres,2014Q2,All business activities,334
All Vehicle Kilometres,2014Q2,Transport,176
All Vehicle Kilometres,2014Q2,Other,158
All Vehicle Kilometres,2014Q3,All business activities,323
All Vehicle Kilometres,2014Q3,Transport,165
All Vehicle Kilometres,2014Q3,Other,158
All Vehicle Kilometres,2014Q4,All business activities,303
All Vehicle Kilometres,2014Q4,Transport,149
All Vehicle Kilometres,2014Q4,Other,154
All Vehicle Kilometres,2015Q1,All business activities,316
All Vehicle Kilometres,2015Q1,Transport,154
All Vehicle Kilometres,2015Q1,Other,162
All Vehicle Kilometres,2015Q2,All business activities,326
All Vehicle Kilometres,2015Q2,Transport,169
All Vehicle Kilometres,2015Q2,Other,157
All Vehicle Kilometres,2015Q3,All business activities,344
All Vehicle Kilometres,2015Q3,Transport,180
All Vehicle Kilometres,2015Q3,Other,163
All Vehicle Kilometres,2015Q4,All business activities,317
All Vehicle Kilometres,2015Q4,Transport,158
All Vehicle Kilometres,2015Q4,Other,159
All Vehicle Kilometres,2016Q1,All business activities,386
All Vehicle Kilometres,2016Q1,Transport,192
All Vehicle Kilometres,2016Q1,Other,193
All Vehicle Kilometres,2016Q2,All business activities,386
All Vehicle Kilometres,2016Q2,Transport,209
All Vehicle Kilometres,2016Q2,Other,177
All Vehicle Kilometres,2016Q3,All business activities,393
All Vehicle Kilometres,2016Q3,Transport,214
All Vehicle Kilometres,2016Q3,Other,179
All Vehicle Kilometres,2016Q4,All business activities,394
All Vehicle Kilometres,2016Q4,Transport,211
All Vehicle Kilometres,2016Q4,Other,183
All Vehicle Kilometres,2017Q1,All business activities,373
All Vehicle Kilometres,2017Q1,Transport,190
All Vehicle Kilometres,2017Q1,Other,183
All Vehicle Kilometres,2017Q2,All business activities,412
All Vehicle Kilometres,2017Q2,Transport,204
All Vehicle Kilometres,2017Q2,Other,208
All Vehicle Kilometres,2017Q3,All business activities,395
All Vehicle Kilometres,2017Q3,Transport,207
All Vehicle Kilometres,2017Q3,Other,187
All Vehicle Kilometres,2017Q4,All business activities,412
All Vehicle Kilometres,2017Q4,Transport,204
All Vehicle Kilometres,2017Q4,Other,208
All Vehicle Kilometres,2018Q1,All business activities,385
All Vehicle Kilometres,2018Q1,Transport,184
All Vehicle Kilometres,2018Q1,Other,201
All Vehicle Kilometres,2018Q2,All business activities,420
All Vehicle Kilometres,2018Q2,Transport,210
All Vehicle Kilometres,2018Q2,Other,210
All Vehicle Kilometres,2018Q3,All business activities,423
All Vehicle Kilometres,2018Q3,Transport,209
All Vehicle Kilometres,2018Q3,Other,214
All Vehicle Kilometres,2018Q4,All business activities,371
All Vehicle Kilometres,2018Q4,Transport,192
All Vehicle Kilometres,2018Q4,Other,179
All Vehicle Kilometres,2019Q1,All business activities,418
All Vehicle Kilometres,2019Q1,Transport,216
All Vehicle Kilometres,2019Q1,Other,202
All Vehicle Kilometres,2019Q2,All business activities,450
All Vehicle Kilometres,2019Q2,Transport,216
All Vehicle Kilometres,2019Q2,Other,234
All Vehicle Kilometres,2019Q3,All business activities,454
All Vehicle Kilometres,2019Q3,Transport,238
All Vehicle Kilometres,2019Q3,Other,216
All Vehicle Kilometres,2019Q4,All business activities,412
All Vehicle Kilometres,2019Q4,Transport,192
All Vehicle Kilometres,2019Q4,Other,221
All Vehicle Kilometres,2020Q1,All business activities,405
All Vehicle Kilometres,2020Q1,Transport,189
All Vehicle Kilometres,2020Q1,Other,216
All Vehicle Kilometres,2020Q2,All business activities,305
All Vehicle Kilometres,2020Q2,Transport,144
All Vehicle Kilometres,2020Q2,Other,162
All Vehicle Kilometres,2020Q3,All business activities,401
All Vehicle Kilometres,2020Q3,Transport,194
All Vehicle Kilometres,2020Q3,Other,206
All Vehicle Kilometres,2020Q4,All business activities,377
All Vehicle Kilometres,2020Q4,Transport,187
All Vehicle Kilometres,2020Q4,Other,190
All Vehicle Kilometres,2021Q1,All business activities,417
All Vehicle Kilometres,2021Q1,Transport,190
All Vehicle Kilometres,2021Q1,Other,227
All Vehicle Kilometres,2021Q2,All business activities,426
All Vehicle Kilometres,2021Q2,Transport,211
All Vehicle Kilometres,2021Q2,Other,216
All Vehicle Kilometres,2021Q3,All business activities,455
All Vehicle Kilometres,2021Q3,Transport,223
All Vehicle Kilometres,2021Q3,Other,232
All Vehicle Kilometres,2021Q4,All business activities,387
All Vehicle Kilometres,2021Q4,Transport,205
All Vehicle Kilometres,2021Q4,Other,182
All Vehicle Kilometres,2022Q1,All business activities,468
All Vehicle Kilometres,2022Q1,Transport,223
All Vehicle Kilometres,2022Q1,Other,245
All Vehicle Kilometres,2022Q2,All business activities,464
All Vehicle Kilometres,2022Q2,Transport,214
All Vehicle Kilometres,2022Q2,Other,250
All Vehicle Kilometres,2022Q3,All business activities,422
All Vehicle Kilometres,2022Q3,Transport,207
All Vehicle Kilometres,2022Q3,Other,214
All Vehicle Kilometres,2022Q4,All business activities,433
All Vehicle Kilometres,2022Q4,Transport,222
All Vehicle Kilometres,2022Q4,Other,210
All Vehicle Kilometres,2023Q1,All business activities,441
All Vehicle Kilometres,2023Q1,Transport,202
All Vehicle Kilometres,2023Q1,Other,239
All Vehicle Kilometres,2023Q2,All business activities,453
All Vehicle Kilometres,2023Q2,Transport,233
All Vehicle Kilometres,2023Q2,Other,221
All Vehicle Kilometres,2023Q3,All business activities,451
All Vehicle Kilometres,2023Q3,Transport,234
All Vehicle Kilometres,2023Q3,Other,217
All Vehicle Kilometres,2023Q4,All business activities,478
All Vehicle Kilometres,2023Q4,Transport,241
All Vehicle Kilometres,2023Q4,Other,237
All Vehicle Kilometres,2024Q1,All business activities,528
All Vehicle Kilometres,2024Q1,Transport,246
All Vehicle Kilometres,2024Q1,Other,281
All Vehicle Kilometres,2024Q2,All business activities,469
All Vehicle Kilometres,2024Q2,Transport,243
All Vehicle Kilometres,2024Q2,Other,226
